朝向,单位面积租金（元/月/㎡）
南北,13.333333333333334
南北,7.2727272727272725
南北,7.2727272727272725
南,16.666666666666668
南,14.444444444444445
南,10.743801652892563
南,7.6923076923076925
南,10.0
北,20.0
南北,21.153846153846153
南,17.48878923766816
南,10.15625
南北,13.333333333333334
南北,21.21212121212121
北,15.384615384615385
南,20.61855670103093
南,17.333333333333332
南,13.274336283185841
南,14.545454545454545
南北,20.408163265306122
南北,8.333333333333334
南,18.51851851851852
南,15.929203539823009
南,11.578947368421053
南,25.58139534883721
西,17.307692307692307
南,17.741935483870968
南,11.627906976744185
南北,6.578947368421052
南,11.11111111111111
南北,11.11111111111111
南,17.142857142857142
南北,9.01639344262295
南,17.49271137026239
南,9.0
南,8.695652173913043
南北,8.333333333333334
北,22.22222222222222
南,10.483870967741936
南北,13.75
南,15.466195315952277
南北,11.504424778761061
东,16.666666666666668
南北,14.018691588785046
北,10.526315789473685
南,6.25
南,18.88888888888889
北,14.423076923076923
南,12.99151221202148
南,7.086614173228346
南,20.0
南北,20.408163265306122
北,22.5
北,17.77777777777778
南北,20.74074074074074
南北,9.565217391304348
南北,21.21212121212121
南北,7.936507936507937
南,15.929203539823009
南,11.578947368421053
南,25.58139534883721
西,17.307692307692307
南,17.741935483870968
南,11.627906976744185
南北,3.8461538461538463
南,14.396456256921374
南,12.0
南北,13.793103448275861
南,9.848484848484848
南,10.833333333333334
南,6.802721088435374
东,23.880597014925375
南,17.346938775510203
南北,10.0
南,10.666666666666666
西,7.352941176470588
南,22.0
南北,15.695067264573991
南北,13.978494623655914
南北,7.857142857142857
南,20.454545454545453
北,20.0
北,16.0
南,13.333333333333334
南,13.761467889908257
南,16.0
南,13.333333333333334
南,22.22222222222222
南北,6.578947368421052
南,11.11111111111111
南北,11.11111111111111
南,17.142857142857142
南北,9.01639344262295
南,17.49271137026239
南,9.0
南,8.695652173913043
南北,8.333333333333334
北,22.22222222222222
南,10.483870967741936
南北,13.75
南,11.428571428571429
南,13.333333333333334
南北,13.559322033898304
南北,20.408163265306122
南,17.307692307692307
南,10.79136690647482
南,11.570247933884298
南北,14.117647058823529
南北,13.846153846153847
南,17.391304347826086
南,13.541666666666666
南北,10.0
南,18.26923076923077
南北,22.22222222222222
南,20.930232558139537
南北,15.384615384615385
南,9.473684210526315
南,10.75268817204301
南,23.25581395348837
南北,17.857142857142858
南北,13.333333333333334
南北,7.2727272727272725
南北,7.2727272727272725
南,16.666666666666668
南,14.444444444444445
南,10.743801652892563
南,7.6923076923076925
南,10.0
北,20.0
南北,21.153846153846153
南,17.48878923766816
南,10.15625
南北,13.653741125068269
南北,9.8
南北,13.88888888888889
南北,8.96551724137931
南北,14.285714285714286
南,14.583333333333334
南,16.0427807486631
南,25.0
南北,15.609756097560975
南,26.666666666666668
南,18.0
南,34.09090909090909
南,3500.0
南,66.10009442870633
南,66.10009442870633
南,65.91337099811676
南,66.66666666666667
南,66.66666666666667
南,65.66604127579738
南,55.406047174291594
南,66.4641093809343
南北,9.67741935483871
南北,10.526315789473685
南北,16.428571428571427
南,14.184397163120567
南北,15.384615384615385
南北,15.957446808510639
东,23.880597014925375
南,17.346938775510203
南北,10.0
南,10.666666666666666
西,7.352941176470588
南,22.0
南北,15.695067264573991
南北,13.978494623655914
南,19.672131147540984
南北,20.0
南,13.008130081300813
南北,8.053691275167786
南北,7.527475284789481
南,16.0
南北,17.142857142857142
南,7.462686567164179
南,8.303677342823251
南北,10.56338028169014
南,10.0
南北,9.285714285714286
南,13.333333333333334
南北,12.5
东,16.923076923076923
北,7.5
南北,22.727272727272727
南北,8.695652173913043
南,18.823529411764707
南北,15.384615384615385
南北,18.773466833541924
南,13.043478260869565
南北,16.52892561983471
南,19.897959183673468
南,15.789473684210526
南,20.05124206305002
南,15.461925009663704
南北,18.01801801801802
南,11.11111111111111
南,12.6
南,30.0
南,18.0
南,6.666666666666667
南,20.0
南,11.382113821138212
南,11.666666666666666
南北,8.88888888888889
南,9.090909090909092
南,32.25806451612903
南,11.494252873563218
南,9.23913043478261
南,9.444444444444445
南北,8.75
南,33.333333333333336
南,13.534246575342467
东,8.849557522123893
南,19.23076923076923
南,10.0
南,7.8125
南,25.687130747495505
南,22.22222222222222
南,11.764705882352942
南,21.73913043478261
南,9.523809523809524
南,14.285714285714286
南,13.333333333333334
南北,8.641975308641975
南,31.690140845070424
北,23.121387283236995
南,20.90909090909091
南北,23.80952380952381
南,87.23404255319149
南,31.496062992125985
南,20.408163265306122
南,23.04147465437788
南,28.235294117647058
南,21.22641509433962
南,21.844660194174757
南,27.972027972027973
南,30.405405405405407
南,24.333333333333332
南北,22.7027027027027
南北,19.41747572815534
南,59.701492537313435
南,9.130434782608695
南,33.333333333333336
南,29.801324503311257
南北,14.285714285714286
南,18.29268292682927
南,10.0
东,10.170353419781337
南北,11.764705882352942
南,10.9375
南,14.705882352941176
南,11.363636363636363
北,16.0
南,8.144796380090497
南,10.0
南,14.285714285714286
南,10.714285714285714
南,12.857142857142858
南,11.764705882352942
南,8.88888888888889
南,18.88888888888889
南,10.526315789473685
南,6.622516556291391
南,10.294117647058824
南,8.333333333333334
南,10.869565217391305
南,5.517241379310345
南北,14.193548387096774
南,5.639097744360902
南北,7.5
南北,20.0
南,8.235294117647058
南,13.846153846153847
西,30.0
南北,13.333333333333334
南,12.5
南,8.88888888888889
南,8.333333333333334
南,12.5
南,17.857142857142858
南北,25.0
南,10.75268817204301
南,22.22222222222222
南北,11.11111111111111
南,8.791208791208792
南,9.090909090909092
南,14.545454545454545
南,10.0
南,16.666666666666668
南,13.333333333333334
南,8.045977011494253
南北,7.5
南,13.157894736842104
南,16.666666666666668
南,9.444444444444445
南,7.8125
南,18.0
南北,11.11111111111111
南北,13.333333333333334
南,10.0
南,20.0
南,10.76923076923077
南北,22.22222222222222
南,22.22222222222222
南,21.88183807439825
南,13.88888888888889
南北,3.4965034965034967
南,15.625
南,10.0
南,9.558823529411764
南,13.333333333333334
南,7.0
南,8.49056603773585
南,15.0
南,18.51851851851852
南北,19.767441860465116
南北,6.299212598425197
南,7.5
南,10.149253731343284
南,6.25
南,23.25581395348837
南,31.25
南,11.764705882352942
南,8.75
南,19.23076923076923
南,8.571428571428571
南,20.0
西,19.23076923076923
北,20.0
南,9.411764705882353
东,8.602150537634408
南,13.235294117647058
南北,10.0
南北,7.246376811594203
南,17.146123071061155
南,10.0
南,11.764705882352942
南,15.517241379310345
南北,7.142857142857143
南,14.516129032258064
南北,8.333333333333334
南北,9.803921568627452
南北,3.8860103626943006
南北,12.658227848101266
南,12.820512820512821
南,35.714285714285715
南,11.25
南,14.285714285714286
南,7.6923076923076925
南,9.929078014184396
南北,10.227272727272727
南,9.74025974025974
南,8.571428571428571
南北,7.747133560582584
南,25.0
南北,8.88888888888889
南北,8.11965811965812
南北,12.0
南,11.764705882352942
南,28.571428571428573
南,14.306151645207438
西,19.23076923076923
南,20.0
南北,9.693877551020408
南,20.0
南北,9.333333333333334
南,9.68429207824908
南,11.428571428571429
南,22.22222222222222
东,5.159958720330237
南北,4.617338104582708
南,11.11111111111111
南,15.0
南,11.494252873563218
南,17.24137931034483
南,9.89010989010989
南北,12.5
南,23.80952380952381
南,10.0
南,17.391304347826086
南,21.27659574468085
南,13.333333333333334
南,21.27659574468085
南,14.035087719298245
南,16.9811320754717
南,10.465116279069768
南北,12.0
南,7.407407407407407
南,10.0
南,18.181818181818183
南,8.0
南,8.928571428571429
南,7.352941176470588
南,34.86750348675035
南北,5.925925925925926
南,14.516129032258064
南北,11.666666666666666
南,9.174311926605505
南,8.433734939759036
南,6.504065040650406
南,7.216494845360825
南北,5.333333333333333
南北,8.695652173913043
南,13.333333333333334
南,9.333333333333334
南,9.278350515463918
东,8.208955223880597
南,8.03766218854059
南,15.384615384615385
南,18.0
南,10.0
南,13.333333333333334
南,9.523809523809524
南,31.25
南,7.5
南,11.428571428571429
南,19.23076923076923
南北,12.76595744680851
西,7.894736842105263
南,30.0
东,35.714285714285715
南北,11.666666666666666
南北,6.666666666666667
南,12.0
南,17.54385964912281
南,10.0
南,21.73913043478261
南,12.32876712328767
南,14.035087719298245
南,4.878524734120402
南,10.0
东,10.638297872340425
南,5.555555555555555
南,8.51063829787234
南,8.547008547008547
南,10.0
南,11.11111111111111
南,9.195402298850574
南,20.0
南北,8.130081300813009
南,15.0
南,12.5
南北,14.245014245014245
南北,13.333333333333334
南,13.333333333333334
南,7.6923076923076925
南,10.0
南,17.24137931034483
南,9.615384615384615
南,7.874015748031496
南,28.571428571428573
南,9.75609756097561
南,20.930232558139537
南,14.925373134328359
南北,20.0
南,8.181818181818182
东,33.333333333333336
南,17.77777777777778
南,7.547169811320755
南,14.0
南,13.88888888888889
南北,8.98876404494382
南,7.2727272727272725
南,29.41176470588235
南,10.0
南,6.428571428571429
南,10.869565217391305
南,10.714285714285714
南北,9.195402298850574
南,25.0
南,9.615384615384615
南,9.00900900900901
南,15.384615384615385
南,12.857142857142858
南,23.80952380952381
南,12.234375
南,9.025
南,11.666666666666666
南,8.571428571428571
南,20.0
西,19.23076923076923
北,20.0
南,9.411764705882353
东,8.602150537634408
南,13.235294117647058
南北,10.0
南北,7.246376811594203
南,17.146123071061155
南,10.0
南,11.764705882352942
南,23.80952380952381
南,12.635835228708618
南,13.846153846153847
南,16.9811320754717
南北,16.666666666666668
南北,10.465116279069768
南北,16.666666666666668
南,20.61855670103093
南,11.11111111111111
南,13.333333333333334
南北,14.245014245014245
南,20.0
南北,8.130081300813009
南,15.0
南,10.0
南,11.11111111111111
南,9.00900900900901
南,15.384615384615385
南,12.857142857142858
南,23.80952380952381
南,8.928571428571429
南,7.352941176470588
南,34.86750348675035
南北,5.925925925925926
南,14.516129032258064
南北,11.666666666666666
南,9.174311926605505
南,8.433734939759036
南,6.504065040650406
南,7.216494845360825
南北,5.333333333333333
南北,8.695652173913043
南,13.333333333333334
南,9.333333333333334
南,11.25
南北,15.151515151515152
南北,10.989010989010989
南,8.264462809917354
南,13.333333333333334
南北,5.714285714285714
南,13.333333333333334
南,7.5
南,14.83679525222552
南北,8.333333333333334
南,11.428571428571429
南,21.25
南,9.444444444444445
南,11.11111111111111
南,21.666666666666668
南北,8.620689655172415
南,9.345794392523365
南北,9.803921568627452
南,8.88888888888889
南北,15.151515151515152
南,10.526315789473685
南,7.5
南,11.11111111111111
南,30.0
东,35.714285714285715
南北,11.666666666666666
南北,6.666666666666667
南,12.0
南,17.54385964912281
南,10.0
南,21.73913043478261
南,12.32876712328767
南,14.035087719298245
南,4.878524734120402
南,10.0
南北,10.501837821618784
南,28.037383177570092
西,26.0
南北,14.245014245014245
南北,31.57894736842105
南,16.341923318667504
南,10.638297872340425
南北,18.773466833541924
南,14.141414141414142
南,15.789473684210526
南,11.666666666666666
南北,17.741935483870968
南,27.0
南,19.23076923076923
南北,12.777777777777779
南,8.333333333333334
南,15.0
南,13.60544217687075
南,11.11111111111111
南,7.352941176470588
南,8.474576271186441
南,11.11111111111111
南,13.333333333333334
南,8.333333333333334
南,10.0
南,11.25
南北,20.0
南,18.0
南北,7.782706825433885
南北,11.0
南,6.666666666666667
南,13.432835820895523
南,12.5
南,10.0
南北,12.5
南北,7.339449541284404
南北,8.928571428571429
南,18.181818181818183
南,6.0
南,9.166666666666666
南,6.428571428571429
南,11.764705882352942
南北,7.446808510638298
南北,9.876543209876543
南,8.333333333333334
南,9.333333333333334
南,11.538461538461538
南,14.705882352941176
南北,10.0
南,7.874015748031496
南北,7.246376811594203
南北,7.5
南北,8.695652173913043
南,11.029411764705882
南,5.617977528089888
南,8.028904054596548
南,17.77777777777778
南,18.181818181818183
南,11.11111111111111
南,18.75
南,8.710042679209128
南,8.58806404657933
南,7.777777777777778
南,14.285714285714286
南,10.0
南,17.24137931034483
南,9.615384615384615
南,7.874015748031496
南,28.571428571428573
南,14.516129032258064
南北,11.666666666666666
南,9.174311926605505
南,8.433734939759036
南,6.504065040650406
南,7.216494845360825
南北,5.333333333333333
南北,8.695652173913043
南,13.333333333333334
南,9.333333333333334
南,9.278350515463918
东,8.208955223880597
南,8.03766218854059
南,15.384615384615385
南,18.0
南,10.0
南,13.333333333333334
南,9.523809523809524
南,31.25
南,7.5
南,11.428571428571429
南,19.23076923076923
南北,12.76595744680851
西,7.894736842105263
南,8.130081300813009
南,10.0
南,8.823529411764707
南,9.090909090909092
南,14.0
南北,6.802721088435374
南,6.964788732394366
南北,13.333333333333334
南,3.937007874015748
南,13.432835820895523
南,8.333333333333334
南北,10.0
南北,9.411764705882353
南,16.666666666666668
南,14.285714285714286
东,25.0
南,8.167932696234583
南,16.666666666666668
南北,6.666666666666667
南,9.70873786407767
南,19.23076923076923
南,16.02307322544464
南北,12.307692307692308
南北,13.235294117647058
南,15.0
南北,9.333333333333334
南,7.6923076923076925
南,20.0
南,9.375
南,13.333333333333334
南,13.333333333333334
南,20.0
南,20.0
南,8.219178082191782
南,8.333333333333334
南,8.181818181818182
南,8.0
南,7.407407407407407
南,8.333333333333334
南,5.594405594405594
南,11.627906976744185
南,7.0
南,8.474576271186441
南,20.0
南,10.909090909090908
南,9.333333333333334
南,11.538461538461538
南,14.705882352941176
南北,10.0
南,7.874015748031496
南北,7.246376811594203
南北,7.5
南北,8.695652173913043
南,11.029411764705882
南,5.617977528089888
南北,15.0
南北,25.0
南北,20.85
南,10.273972602739725
南,7.575757575757576
南,9.30232558139535
南,16.666666666666668
南,11.688311688311689
东,14.925373134328359
南,8.547008547008547
南,10.447761194029852
南,14.285714285714286
南北,16.129032258064516
南北,8.0
南,11.11111111111111
南,8.166666666666666
南,14.285714285714286
南,26.666666666666668
南,9.23076923076923
南北,10.0
南,15.0
南北,14.0
南北,36.95491500369549
南北,15.384615384615385
南,20.0
南,10.294117647058824
南,12.5
南,10.638297872340425
南,6.008893161879582
南,10.625
南,8.64864864864865
南北,14.540167211922936
南,7.6923076923076925
南,10.204081632653061
南,15.873015873015873
南,20.0
南,20.0
南,25.0
南北,7.194244604316546
南,9.444444444444445
南,7.534246575342466
南北,17.77777777777778
南,4.761904761904762
南,13.333333333333334
南,20.0
南,20.0
南北,9.333333333333334
南,9.68429207824908
南,11.428571428571429
南,22.22222222222222
东,5.159958720330237
南北,4.617338104582708
南,11.11111111111111
南,15.0
南,11.494252873563218
南,17.24137931034483
南,20.0
南,25.59508574353724
南,20.0
南北,4.938271604938271
南,6.956521739130435
南北,7.2
南,9.333333333333334
南,11.11111111111111
南,10.204081632653061
南,13.698630136986301
南北,6.086956521739131
南,13.157894736842104
南,12.857142857142858
南,9.090909090909092
南北,9.0
南北,12.5
南,7.627118644067797
南,11.11111111111111
南,9.803921568627452
南,13.333333333333334
南,11.666666666666666
南,13.333333333333334
南,11.428571428571429
南,11.940298507462687
南,17.758046614872367
南,25.0
南北,10.0
南,22.22222222222222
南北,6.993006993006993
南,12.698412698412698
东,3.3333333333333335
南,11.11111111111111
南,25.0
南,12.931034482758621
南北,10.344827586206897
南,12.5
南,11.11111111111111
南,8.0
南,19.565217391304348
南,18.0
南,19.23076923076923
南,8.88888888888889
南,15.006002400960384
南,9.444444444444445
南北,8.227848101265822
南北,8.235294117647058
南,17.647058823529413
南,22.5
南,3.409090909090909
南北,20.0
南北,7.874015748031496
南北,18.88888888888889
南北,11.764705882352942
南,10.0
南,26.31578947368421
南,8.88888888888889
南,15.006002400960384
南,9.444444444444445
南北,8.227848101265822
南北,8.235294117647058
南,17.647058823529413
南,22.5
南,3.409090909090909
南北,20.0
南北,7.874015748031496
南北,18.88888888888889
南北,11.764705882352942
南,10.0
南,26.31578947368421
南北,10.843373493975903
南,6.666666666666667
南,20.0
南北,7.6923076923076925
南北,6.818181818181818
南,10.869565217391305
南,4.065040650406504
南,8.571428571428571
南,11.428571428571429
南北,8.333333333333334
南,18.333333333333332
南,10.238558410975735
东,8.421052631578947
南,11.666666666666666
南,9.23076923076923
南,13.333333333333334
南,10.869565217391305
南,10.526315789473685
南,9.411764705882353
南,8.641975308641975
南,12.307692307692308
南北,13.88888888888889
南,20.0
南,6.666666666666667
南,11.666666666666666
东,10.256410256410257
南,11.11111111111111
南,11.25
南,7.647058823529412
南,33.333333333333336
南,8.88888888888889
南,17.152658662092627
南,5.172413793103448
南,6.923076923076923
南,8.88888888888889
南,8.88888888888889
南,27.027027027027028
南,15.625
南北,21.875
南,12.658227848101266
南北,22.857142857142858
南,10.0
南北,19.642857142857142
南北,7.6923076923076925
南,13.333333333333334
南北,9.090909090909092
南北,11.11111111111111
南,12.5
南,14.285714285714286
南,14.285714285714286
南北,7.086614173228346
南北,11.428571428571429
南,15.555555555555555
南,12.76595744680851
南北,11.11111111111111
东,16.666666666666668
南,12.142857142857142
南,25.0
南,15.873015873015873
南,9.444444444444445
南,7.534246575342466
南北,17.77777777777778
南,4.761904761904762
南,13.333333333333334
南,21.27659574468085
南,16.9811320754717
南,4.065040650406504
南,8.571428571428571
南北,8.333333333333334
南北,10.146398028699812
南北,12.5
南北,12.0
南,5.559802627006742
南北,26.666666666666668
南,7.03125
南,8.0
南,9.132420091324201
南,24.324324324324323
南,8.695652173913043
南,14.285714285714286
南北,12.0
南,15.0
南,11.11111111111111
南北,11.428571428571429
南北,11.764705882352942
南北,13.333333333333334
南,11.627906976744185
南北,5.839416058394161
东,29.41176470588235
南,7.8431372549019605
南北,8.333333333333334
南北,14.285714285714286
南北,7.25
南,14.285714285714286
南,11.029411764705882
南北,9.859154929577464
南,18.0
南,8.75
南,8.474576271186441
南,8.235294117647058
南北,8.333333333333334
南北,12.307692307692308
南,10.63971272775635
南,12.0
南,22.22222222222222
南,10.76923076923077
南,6.428571428571429
南,10.526315789473685
南,8.88888888888889
南,11.428571428571429
南,12.307692307692308
南,14.285714285714286
南,7.407407407407407
南,10.0
南,10.9375
南,18.0
南,16.666666666666668
南,7.142857142857143
南,10.447761194029852
南,21.73913043478261
南北,12.67605633802817
南,5.882352941176471
南,15.822784810126581
南,15.116279069767442
南,11.538461538461538
南,11.666666666666666
北,8.333333333333334
南北,11.666666666666666
南,10.76923076923077
南,9.333333333333334
南,11.428571428571429
南,11.235955056179776
南,8.333333333333334
南,13.846153846153847
南,10.638297872340425
南,6.008893161879582
南,10.625
南,8.64864864864865
南北,14.540167211922936
南,7.6923076923076925
南,10.204081632653061
南,20.0
南,25.0
南北,7.194244604316546
南,20.0
南,20.0
南北,9.333333333333334
南,9.68429207824908
南,11.428571428571429
南,22.22222222222222
东,5.159958720330237
南,7.352941176470588
南,8.474576271186441
南,11.11111111111111
南,13.333333333333334
南,8.333333333333334
南,10.0
南,11.25
南北,20.0
南,18.0
南北,7.782706825433885
南北,11.0
南,6.666666666666667
南,13.432835820895523
南,12.5
南,10.0
南北,12.5
南北,7.339449541284404
南北,8.928571428571429
南,18.181818181818183
南,6.0
南,9.166666666666666
南,6.428571428571429
南北,7.446808510638298
南北,9.876543209876543
南,8.333333333333334
南,8.403361344537815
南,14.285714285714286
南,6.0
南,20.61855670103093
南,20.0
南北,14.705882352941176
南,20.0
南,7.954545454545454
南,13.157894736842104
南北,22.22222222222222
南,9.615384615384615
南,9.090909090909092
南,4.0
南,11.25
南北,10.989010989010989
南,8.264462809917354
南,13.333333333333334
南北,5.714285714285714
南,13.333333333333334
南,7.5
南,14.83679525222552
南,6.25
南,5.882352941176471
南,15.0
南北,10.294117647058824
南北,8.88888888888889
南,14.035087719298245
东,10.170353419781337
南北,11.764705882352942
南,34.883720930232556
南,12.631578947368421
南,9.433962264150944
南北,10.94890510948905
南,12.5
南,21.666666666666668
南,16.574585635359117
南,10.344827586206897
南,7.6923076923076925
南,26.923076923076923
南,23.529411764705884
南,21.875
南,22.0
南,12.222222222222221
南,9.523809523809524
南,28.502521376891032
南,15.555555555555555
南,17.142857142857142
南,29.78723404255319
南,14.285714285714286
南,28.88888888888889
南,28.88888888888889
南,20.0
南,25.0
南北,10.0
南,10.0
南,11.11111111111111
南,23.404255319148938
南北,8.130081300813009
南,27.659574468085108
西,20.0
南,39.473684210526315
南,18.333333333333332
南,19.23076923076923
南,31.11111111111111
南,28.88888888888889
南北,12.295081967213115
南,31.11111111111111
南,23.636363636363637
南,12.631578947368421
南,31.25
南,30.0
南,16.666666666666668
南,15.217391304347826
南,34.285714285714285
南,28.88888888888889
南,28.0
南,25.0
南,28.846153846153847
南,9.523809523809524
西,19.23076923076923
南,29.166666666666668
南,15.0
南,14.117647058823529
南北,23.529411764705884
南,31.25
南,20.3125
南,32.5
南北,7.246376811594203
南,23.076923076923077
南,14.285714285714286
南,21.818181818181817
南,12.195121951219512
南北,34.285714285714285
南,14.285714285714286
南,14.285714285714286
南北,33.333333333333336
南北,9.090909090909092
南北,8.333333333333334
南,21.73913043478261
南,34.21052631578947
南,11.11111111111111
南,10.434782608695652
南,24.0
南,16.853932584269664
南,11.11111111111111
南,9.30232558139535
南,12.0
南,12.222222222222221
南北,8.620689655172415
南,28.88888888888889
南,16.25
北,31.70731707317073
南,9.345794392523365
东,25.0
南,8.167932696234583
南,16.666666666666668
南北,6.666666666666667
南,9.70873786407767
南,19.23076923076923
南,16.02307322544464
南北,12.307692307692308
南北,13.235294117647058
南,15.0
南北,9.333333333333334
南,7.6923076923076925
南,20.0
南,9.375
南,13.333333333333334
南,13.333333333333334
南,11.029411764705882
南北,9.859154929577464
南,18.0
南,8.75
南,8.474576271186441
南,8.235294117647058
南北,8.333333333333334
南北,12.307692307692308
南,10.63971272775635
南,12.0
南,22.22222222222222
南,28.88888888888889
南,16.25
南,18.333333333333332
南,15.0
南,33.333333333333336
南北,14.634146341463415
南,9.166666666666666
南,31.57894736842105
南北,10.833333333333334
南,26.666666666666668
南,13.793103448275861
南,10.833333333333334
东,8.849557522123893
南,19.23076923076923
南,26.41509433962264
南,40.0
南,12.513556352715442
南北,24.489795918367346
南,9.375
南,15.789473684210526
南,14.210526315789474
北,30.232558139534884
南,16.163793103448278
南,21.311475409836067
南北,26.0
南,27.77777777777778
南,7.8125
南北,11.504424778761061
南北,8.88888888888889
南,9.090909090909092
南,32.25806451612903
南,11.494252873563218
南,9.23913043478261
南,9.444444444444445
南北,8.75
南,33.333333333333336
东,8.849557522123893
南,19.23076923076923
南,10.0
南,7.8125
南,22.22222222222222
南,11.764705882352942
南,21.73913043478261
南,14.285714285714286
南,13.333333333333334
南北,8.641975308641975
南,8.791208791208792
南北,7.920792079207921
南,12.195121951219512
南,10.0
南,11.0
南,8.411214953271028
南,5.357142857142857
南,10.76923076923077
南北,8.333333333333334
南,11.428571428571429
南,21.25
南北,11.11111111111111
南,30.232558139534884
南,8.219178082191782
南,9.23076923076923
北,6.25
南,27.659574468085108
南,12.871287128712872
南,11.11111111111111
南,27.5
南,30.0
南,6.666666666666667
南北,10.48951048951049
南,34.883720930232556
南,12.631578947368421
南,33.333333333333336
南,12.0
南,9.375
南,22.727272727272727
西,31.57894736842105
南,10.81081081081081
南,32.25806451612903
南,30.0
南,13.0
南,11.71875
南,11.494252873563218
南,12.359550561797754
南,9.25925925925926
南,34.98542274052478
南,32.5
南,12.704174228675136
南,28.571428571428573
东,16.666666666666668
南北,11.363636363636363
南北,10.56859015007398
南北,16.666666666666668
南,22.413793103448278
南,13.333333333333334
南北,30.0
南,14.772727272727273
南北,11.11111111111111
南,30.232558139534884
南,8.219178082191782
南,9.23076923076923
北,6.25
南,27.659574468085108
南,12.871287128712872
南,11.11111111111111
南,27.5
南,30.0
南,6.666666666666667
南北,10.48951048951049
南,15.873015873015873
南,13.157894736842104
南,15.328019619865115
南北,5.555555555555555
南,11.11111111111111
南,7.5
南北,16.666666666666668
南,8.333333333333334
南北,30.0
南北,9.23076923076923
北,25.454545454545453
南北,6.134969325153374
南北,10.380982040901069
南,39.473684210526315
南,10.0
南北,27.77777777777778
南,9.25925925925926
南,34.98542274052478
南,32.5
南,12.704174228675136
南,28.571428571428573
东,16.666666666666668
南北,11.363636363636363
南北,10.56859015007398
南北,16.666666666666668
南,22.413793103448278
南,13.333333333333334
南北,30.0
南,14.772727272727273
南,7.777777777777778
南,15.0
南,9.722222222222221
南,5.371900826446281
南,14.0
南北,6.802721088435374
南,6.964788732394366
南北,13.333333333333334
南,3.937007874015748
南,13.432835820895523
南,8.333333333333334
南北,10.0
南北,9.411764705882353
南,16.666666666666668
南,14.285714285714286
东,25.0
南,8.167932696234583
南,16.666666666666668
南北,6.666666666666667
南,9.70873786407767
南,19.23076923076923
南,16.02307322544464
南北,12.307692307692308
南北,13.235294117647058
南,15.0
南北,9.333333333333334
南,7.6923076923076925
南北,9.6
南北,15.306122448979592
南,23.076923076923077
南北,10.0
南,14.705882352941176
南,13.333333333333334
南,11.363636363636363
南,37.5
南,30.0
南,11.504424778761061
南,14.285714285714286
南北,22.413793103448278
南,9.67741935483871
南,11.764705882352942
南,13.0
南,10.526315789473685
南,35.0
南,6.622516556291391
南,15.483870967741936
南,34.21052631578947
南,8.333333333333334
南,8.333333333333334
南,10.869565217391305
南,8.571428571428571
南,24.0
南,29.571907674097456
南,8.333333333333334
南,33.333333333333336
南,16.666666666666668
南北,8.270676691729323
南北,12.5
南,25.0
南,31.25
南,24.59016393442623
南北,14.814814814814815
南,24.528301886792452
南,12.5
南,11.538461538461538
南,20.0
南,21.666666666666668
南,7.647058823529412
南,23.80952380952381
南,12.635835228708618
南北,14.444444444444445
北,27.906976744186046
南,32.5
南,13.333333333333334
南,30.0
南,26.666666666666668
南,12.222222222222221
南北,13.88888888888889
南北,16.666666666666668
南,28.94736842105263
南,9.285714285714286
南,13.829787234042554
南,29.78723404255319
南,31.25
南北,16.666666666666668
南,19.23076923076923
南,31.11111111111111
南,28.88888888888889
南北,12.295081967213115
南,31.11111111111111
南,23.636363636363637
南,12.631578947368421
南,31.25
南,30.0
南,16.666666666666668
南,15.217391304347826
南,34.285714285714285
南,28.88888888888889
南,28.0
南,25.0
南,28.846153846153847
南,9.523809523809524
西,19.23076923076923
南,29.166666666666668
南,15.0
南,14.117647058823529
南北,23.529411764705884
南,31.25
南,20.3125
南,32.5
南北,7.246376811594203
南,29.26829268292683
南,36.58536585365854
南,8.88888888888889
南,10.79136690647482
南,16.666666666666668
南,25.49019607843137
南,14.285714285714286
南北,14.444444444444445
南,9.734513274336283
南,15.0
南,35.0
南北,10.0
南,16.438356164383563
东,25.0
南,8.167932696234583
南,32.01970443349754
南,26.595744680851062
南,30.0
南,16.666666666666668
南,33.333333333333336
南,9.70873786407767
南北,18.118466898954704
南北,15.294117647058824
南北,7.5
南,19.23076923076923
南,16.02307322544464
南,14.117647058823529
南,9.757575757575758
南,28.571428571428573
南,15.789473684210526
南,13.157894736842104
南北,24.193548387096776
南,18.75
东,11.538461538461538
南,10.0
南,26.09393817743878
南,9.090909090909092
南北,12.5
南,11.11111111111111
北,28.0
南北,8.02919708029197
南北,26.31578947368421
北,37.5
南,12.307187397440105
南北,13.68421052631579
南,31.914893617021278
南,9.803921568627452
南,14.43298969072165
南,14.563106796116505
南,32.5
南,33.333333333333336
南,10.714285714285714
南北,10.81081081081081
南北,8.26771653543307
南北,10.4
南北,13.414634146341463
南,15.555555555555555
南,22.22222222222222
南,22.0
南,19.642857142857142
南,10.833333333333334
南北,8.881578947368421
南,25.53191489361702
南,37.5
南,22.058823529411764
南,18.571428571428573
南,31.25
南,24.193548387096776
南,19.35483870967742
南,27.77777777777778
南,15.789473684210526
南,10.0
南北,15.476190476190476
南,10.0
南北,9.166666666666666
南北,23.0
南,11.440677966101696
南北,7.747133560582584
南,24.0
南,25.0
南北,14.150943396226415
南,9.88989252983451
南,15.0
南,26.470588235294116
南,21.09375
南,14.893617021276595
南北,15.0
南北,28.26086956521739
南北,16.666666666666668
南,22.580645161290324
南,11.764705882352942
南,30.0
南,37.5
南,20.509314647068877
南北,11.2
南,15.714285714285714
南,13.68421052631579
南,18.46153846153846
南北,16.83690649904591
南,30.0
南,11.71875
南,24.0
南,30.434782608695652
南,10.833333333333334
南,14.306151645207438
南,20.0
南,20.0
西,25.0
南,30.952380952380953
西,19.23076923076923
南,34.375
南,12.173913043478262
南,20.0
南,11.818181818181818
南,12.5
南,13.333333333333334
南北,11.363636363636363
南,26.666666666666668
南北,7.547169811320755
南,11.764705882352942
南,43.75
南,27.272727272727273
南北,7.731958762886598
南,15.625
南北,11.304347826086957
南北,15.294117647058824
南,20.338983050847457
南,14.285714285714286
南,22.641509433962263
南北,11.11111111111111
南北,28.846153846153847
南,13.8
南,8.695652173913043
南北,11.11111111111111
南,33.333333333333336
南,7.407407407407407
南北,13.333333333333334
南,24.0
南,31.25
南,18.96551724137931
南北,10.0
南,27.5
南,14.444444444444445
南北,21.666666666666668
西,30.888030888030887
南,11.11111111111111
南北,9.420289855072463
北,9.917355371900827
南,10.258163788681825
南北,12.5
南北,8.928571428571429
南,24.444444444444443
南,12.222222222222221
南,18.181818181818183
南北,12.222222222222221
南,32.35294117647059
南,14.792899408284024
南,29.166666666666668
南,11.742831979645759
南北,15.789473684210526
南,19.696969696969695
南,17.045454545454547
南,11.764705882352942
南北,16.666666666666668
南,11.818181818181818
南,9.23076923076923
南,12.222222222222221
南,10.344827586206897
北,20.338983050847457
南,10.81081081081081
南,13.333333333333334
南北,11.11111111111111
南北,28.846153846153847
南,13.8
南,8.695652173913043
南北,11.11111111111111
南,33.333333333333336
南,7.407407407407407
南北,13.333333333333334
南,24.0
南,31.25
南,18.96551724137931
南北,10.0
南,27.5
南,14.444444444444445
南北,21.666666666666668
西,30.888030888030887
南,12.173913043478262
南,18.51851851851852
南北,40.0
南,28.94736842105263
南北,10.714285714285714
南,7.5
南,16.176470588235293
南北,16.666666666666668
南,33.775633293124244
南,26.08695652173913
南,22.580645161290324
南,26.666666666666668
南,9.694619486185168
南,10.483870967741936
南北,10.833333333333334
南北,12.5
南北,11.71875
南,33.333333333333336
南北,25.0
南,10.75268817204301
南,22.22222222222222
南北,15.555555555555555
南北,13.333333333333334
南北,11.11111111111111
南,10.0
南,16.666666666666668
南,30.0
北,32.432432432432435
南北,23.333333333333332
南,32.21649484536083
南,22.413793103448278
南北,9.090909090909092
南北,23.333333333333332
南,16.666666666666668
南,7.8125
南北,30.0
南,10.344827586206897
南,18.75
南,26.53061224489796
南北,15.882352941176471
南,9.23076923076923
南,13.333333333333334
南,10.869565217391305
南,10.526315789473685
南,9.411764705882353
南,8.641975308641975
南,12.307692307692308
南北,13.88888888888889
南,20.0
南,6.666666666666667
南,11.666666666666666
东,10.256410256410257
南,11.11111111111111
南,11.25
南,7.647058823529412
南,33.333333333333336
南,8.88888888888889
南,17.152658662092627
南,5.172413793103448
南,6.923076923076923
南,8.88888888888889
南,8.88888888888889
南,27.027027027027028
南,20.0
南,25.59508574353724
南,20.0
南北,4.938271604938271
南,6.956521739130435
南,10.936132983377078
南北,17.441860465116278
南北,9.090909090909092
南,32.733224222585925
南,31.57894736842105
南,18.333333333333332
南,27.083333333333332
南,24.528301886792452
南,10.638297872340425
东,18.333333333333332
南北,11.0
南,27.5
南,14.444444444444445
南北,10.714285714285714
南,10.526315789473685
南,13.48314606741573
南,18.42105263157895
南,24.0
南,13.333333333333334
南,14.150943396226415
南北,12.195121951219512
南,9.62962962962963
北,25.979649274734793
南,30.0
南,8.333333333333334
南北,11.607142857142858
南,12.931034482758621
南北,7.866392351446207
南,10.416666666666666
南,10.56910569105691
南,10.4
南,11.627906976744185
南,39.473684210526315
南北,13.392857142857142
南,8.823529411764707
南,8.474576271186441
南,20.0
南,21.517716253048345
南,10.0
南,14.444444444444445
南,17.647058823529413
南北,9.917355371900827
南,27.272727272727273
南北,12.5
南北,8.633093525179856
南,14.705882352941176
南北,7.337205747477835
南北,10.0
南,12.222222222222221
南,20.0
南,9.166666666666666
南,11.153846153846153
南,19.863013698630137
南北,13.636363636363637
南,10.211027910142954
东,10.638297872340425
北,27.083333333333332
南,19.047619047619047
南,31.914893617021278
南,39.473684210526315
南北,12.222222222222221
南,13.392857142857142
东,18.333333333333332
南,28.846153846153847
南,8.547008547008547
南,36.58536585365854
南,12.037037037037036
南,8.666666666666666
北,30.187160394445563
南北,8.661417322834646
南,12.195121951219512
南北,31.11111111111111
南,10.833333333333334
南,8.0
南北,6.521739130434782
南北,10.48951048951049
南,16.666666666666668
南北,9.23076923076923
南,7.407407407407407
南,28.94736842105263
南,9.285714285714286
南,13.829787234042554
南,29.78723404255319
南,31.25
南北,16.666666666666668
南,20.61855670103093
南,24.193548387096776
南,11.11111111111111
南,9.433962264150944
南,21.666666666666668
南北,10.0
南北,14.245014245014245
南北,10.94890510948905
南,14.285714285714286
南,28.88888888888889
南,28.88888888888889
南,20.0
南,25.0
南北,8.130081300813009
南北,10.501837821618784
南,28.037383177570092
西,26.0
南,23.404255319148938
南,29.78723404255319
南,10.0
南,11.11111111111111
南,12.222222222222221
南,9.523809523809524
南,13.636363636363637
南,10.0
南,13.75
南,15.006002400960384
南北,17.142857142857142
南,11.818181818181818
南北,13.392857142857142
南北,12.5
南,21.666666666666668
南,15.789473684210526
南,25.862068965517242
南北,7.874015748031496
南,29.166666666666668
东,18.333333333333332
南,10.434782608695652
南北,11.764705882352942
南,14.444444444444445
南,7.6923076923076925
南,11.450381679389313
南,17.142857142857142
南,16.25
南北,12.244897959183673
南北,6.578947368421052
南,20.0
南,9.25925925925926
南,14.285714285714286
南北,22.22222222222222
南,13.392857142857142
南,10.655737704918034
南北,8.474576271186441
南,31.25
南,25.0
南,22.946305644791188
南北,20.0
南,23.4375
南北,11.0
南北,10.204081632653061
东,22.22222222222222
南,10.936132983377078
南北,17.441860465116278
南北,9.090909090909092
南,32.733224222585925
南,31.57894736842105
南,18.333333333333332
南,27.083333333333332
南,24.528301886792452
南,10.638297872340425
东,18.333333333333332
南北,11.0
南北,13.402061855670103
南,10.48951048951049
南,12.195121951219512
南,17.80821917808219
南,16.666666666666668
南北,28.0
南,17.54385964912281
南,8.590327291469805
南,13.392857142857142
南,33.333333333333336
南,16.666666666666668
南,30.0
南,8.333333333333334
南,25.641025641025642
南,10.48951048951049
南,33.46203346203346
南,10.714285714285714
南北,27.272727272727273
东,32.5
南,15.625
南,36.58536585365854
南,13.013013013013012
南,18.333333333333332
南,30.434782608695652
南,12.5
南北,10.76923076923077
东,33.333333333333336
南北,14.666666666666666
南,9.836065573770492
南,9.166666666666666
南,11.11111111111111
南,28.591851322373124
南,13.636363636363637
南,8.474576271186441
南,11.11111111111111
南,24.0
南,10.0
南北,10.0
南北,21.428571428571427
南,17.23543605653223
南,8.0
南北,12.5
南北,7.782706825433885
南,11.827956989247312
南北,8.275862068965518
南,23.076923076923077
南,10.0
南,32.5
南,9.090909090909092
南,31.11111111111111
南,11.11111111111111
南北,9.420289855072463
北,9.917355371900827
南,10.258163788681825
南北,12.5
南,14.516129032258064
南,26.41509433962264
南,7.8125
南,12.096774193548388
南,11.904761904761905
南,13.636363636363637
南北,5.4945054945054945
南,12.820512820512821
南,32.5
南,27.867095391211148
南,26.666666666666668
南,18.571428571428573
南,26.666666666666668
南北,7.547169811320755
南,11.764705882352942
南,43.75
南,27.272727272727273
南北,7.731958762886598
南,15.625
南北,11.304347826086957
南北,15.294117647058824
南,20.338983050847457
南,14.285714285714286
南,22.641509433962263
南北,11.11111111111111
南北,28.846153846153847
南,13.8
南,8.695652173913043
南北,11.11111111111111
南,14.285714285714286
南北,33.333333333333336
南北,9.090909090909092
南北,8.333333333333334
南,21.73913043478261
南,34.21052631578947
南,11.11111111111111
南,10.434782608695652
南,24.0
南,16.853932584269664
南,11.11111111111111
南,9.30232558139535
南,12.0
南,12.222222222222221
南北,8.620689655172415
南,28.88888888888889
南,16.25
北,31.70731707317073
南,9.345794392523365
南,22.0
南,14.130434782608695
南,13.333333333333334
南北,21.428571428571427
南北,18.75
南北,9.803921568627452
南,14.117647058823529
南,23.076923076923077
南北,20.0
南北,12.5
南北,12.363996043521267
南,14.516129032258064
南,26.41509433962264
南,7.8125
南,12.096774193548388
南,11.904761904761905
南,13.636363636363637
南北,5.4945054945054945
南,12.820512820512821
南,32.5
南,27.867095391211148
南,26.666666666666668
南,18.571428571428573
南,26.666666666666668
南北,7.547169811320755
南,11.764705882352942
南,43.75
南,27.272727272727273
南北,7.731958762886598
南,15.625
南北,11.304347826086957
南北,15.294117647058824
南,20.338983050847457
南,14.285714285714286
南,22.641509433962263
南,14.117647058823529
南,21.666666666666668
南,28.571428571428573
东,10.869565217391305
南,10.833333333333334
南,27.659574468085108
南北,26.666666666666668
南北,15.384615384615385
南,28.88888888888889
南,19.642857142857142
南北,19.35483870967742
南,16.666666666666668
南,19.714285714285715
南,11.029411764705882
南,10.0
南,10.92436974789916
南北,8.544303797468354
南,26.0
南,8.461538461538462
南,12.444444444444445
南北,15.151515151515152
南,36.53444676409186
南北,10.989010989010989
南,8.264462809917354
南,7.768197001475958
南,18.575851393188856
南,8.928571428571429
南,8.666666666666666
南,12.222222222222221
南,7.352941176470588
南,34.86750348675035
南,27.272727272727273
南,9.285714285714286
南,15.853658536585366
南,9.174311926605505
南,13.131313131313131
南,10.833333333333334
南,16.0
南,8.666666666666666
南,8.677685950413224
南北,16.442451420029894
南,11.71875
南北,24.0
南北,8.695652173913043
南,14.444444444444445
南北,32.888888888888886
南北,8.88888888888889
南,12.631578947368421
南,13.333333333333334
南,8.839648771288822
南,13.88888888888889
南北,8.450704225352112
南北,10.37037037037037
南,16.666666666666668
南,10.743801652892563
南,29.41176470588235
南,24.0
南,10.714285714285714
南,26.666666666666668
南,14.444444444444445
南,10.869565217391305
南北,12.711864406779661
南北,8.123476848090982
南,9.333716255025847
南,31.57894736842105
南北,12.381345439537762
南,34.21052631578947
南,23.4375
南,9.00900900900901
南,15.384615384615385
南,26.0
南,23.80952380952381
南,16.304347826086957
南,18.575851393188856
南,8.928571428571429
南,8.666666666666666
南,12.222222222222221
南,7.352941176470588
南,34.86750348675035
南,21.666666666666668
南,28.571428571428573
东,10.869565217391305
南,10.833333333333334
南,27.659574468085108
南北,26.666666666666668
南北,15.384615384615385
南,28.88888888888889
南,19.642857142857142
南北,19.35483870967742
南,16.666666666666668
南,19.714285714285715
南,11.029411764705882
南,10.0
南北,10.714285714285714
南,23.91304347826087
南,14.117647058823529
南,34.21052631578947
南,20.0
南,23.076923076923077
南,31.57894736842105
南,13.75
南,14.117647058823529
南,31.428571428571427
南,17.045454545454547
南,12.037037037037036
南,8.666666666666666
北,30.187160394445563
南,10.94890510948905
东,29.41176470588235
南,29.251984956122023
南,10.434782608695652
南,23.404255319148938
南,26.470588235294116
南,28.571428571428573
南,14.285714285714286
南,30.232558139534884
南,15.0
北,38.91050583657588
南北,12.5
南,24.0
南北,11.1731843575419
南,12.5
南,25.0
南北,50.0
南,30.0
南,31.914893617021278
南北,5.9405940594059405
南,14.285714285714286
南,10.270064663370103
南,14.130434782608695
南北,8.928571428571429
南北,20.0
南,27.272727272727273
南,40.625
南,25.862068965517242
南,9.593246354566384
南,12.222222222222221
南,11.084016847705609
南,7.874015748031496
南北,8.461538461538462
南,14.444444444444445
南,28.88888888888889
南北,30.0
南,10.94890510948905
北,27.5
东,21.818181818181817
南,26.08695652173913
南北,12.76595744680851
南,13.246202755210174
南,15.625
南,12.941176470588236
南,18.46153846153846
南北,18.666666666666668
南,10.434782608695652
南,13.829787234042554
南,33.75
南北,13.333333333333334
南,26.666666666666668
东,14.925373134328359
南,15.384615384615385
南,28.88888888888889
南,31.25
南,6.489675516224189
南,14.285714285714286
南北,9.615384615384615
南,17.441860465116278
南北,31.11111111111111
南,8.450704225352112
南,9.774436090225564
南,9.928057553956835
南,11.016949152542374
南,30.0
南,6.25
南,19.23076923076923
北,28.571428571428573
南,21.666666666666668
南,14.444444444444445
南,8.130081300813009
南,13.333333333333334
南,9.166666666666666
南,15.189873417721518
南,17.647058823529413
南,8.80503144654088
南,14.285714285714286
北,40.0
南北,15.294117647058824
南,15.306122448979592
南,30.434782608695652
南,11.818181818181818
南,17.647058823529413
南,11.764705882352942
南,12.222222222222221
南,13.043478260869565
南,16.666666666666668
东,28.88888888888889
南,23.529411764705884
南北,37.83783783783784
南,32.5
南,21.73913043478261
南北,13.333333333333334
南,28.88888888888889
南,15.822784810126581
南,39.473684210526315
东,17.857142857142858
南,12.0
南,17.333333333333332
南,25.454545454545453
南,20.0
南,15.384615384615385
南,14.150943396226415
南,27.272727272727273
南北,12.222222222222221
南北,15.0
南北,15.789473684210526
南,27.083333333333332
南,9.868421052631579
南,8.333333333333334
南,9.166666666666666
南,11.494252873563218
南,8.461538461538462
南北,9.420289855072463
南北,10.169491525423728
南,26.08695652173913
南,17.24137931034483
南,19.23076923076923
南,31.11111111111111
南,10.833333333333334
南北,9.62962962962963
南北,10.0
南北,9.6
南,21.153846153846153
南北,12.5
南,23.80952380952381
南,16.666666666666668
南,10.0
北,35.526315789473685
南北,10.48951048951049
南,21.27659574468085
南,21.27659574468085
南,9.166666666666666
南,10.0
南,8.500028333427778
南,11.607142857142858
南北,17.857142857142858
南,13.392857142857142
南,10.185185185185185
南北,24.747370591874613
南,21.05263157894737
南,9.345794392523365
南北,7.389162561576355
南,22.22222222222222
南,26.09393817743878
南,21.27659574468085
东,28.75
南,22.0
南北,16.666666666666668
南,11.055276381909549
南,21.73913043478261
南北,8.571428571428571
北,15.789473684210526
南,14.285714285714286
南北,10.344827586206897
南,13.333333333333334
南,28.591851322373124
南,31.16883116883117
南,33.333333333333336
南,30.0
南北,13.0
南,23.076923076923077
南,14.285714285714286
南,21.818181818181817
南,12.195121951219512
南北,34.285714285714285
南,14.285714285714286
南,12.941176470588236
南,18.46153846153846
南北,18.666666666666668
南,10.434782608695652
南,13.829787234042554
南,33.75
南北,13.333333333333334
南,26.666666666666668
东,14.925373134328359
南,8.547008547008547
南,8.955223880597014
南,11.11111111111111
南,16.304347826086957
南,21.428571428571427
南,28.0
北,33.333333333333336
南,38.23529411764706
北,30.0
南,30.0
南,16.666666666666668
南,11.11111111111111
南,17.741935483870968
南,31.25
南北,12.396694214876034
南,25.454545454545453
南,20.0
南,15.384615384615385
南,14.150943396226415
南,27.272727272727273
南北,12.222222222222221
南北,15.0
南北,15.789473684210526
南,27.083333333333332
南,13.953488372093023
南,41.37931034482759
南北,17.142857142857142
南北,12.5
南,29.166666666666668
南,10.204081632653061
南,10.416666666666666
南,17.857142857142858
南,18.75
南北,16.25
南,10.416666666666666
南,29.166666666666668
南北,12.5
南,10.989010989010989
南北,6.674082313681868
南北,8.75912408759124
南,15.873015873015873
南,10.344827586206897
南北,14.0625
南北,14.0625
南,22.22222222222222
南,14.772727272727273
南,12.5
南,32.55813953488372
南北,13.333333333333334
南,23.333333333333332
南,30.0
南,13.698630136986301
南,27.272727272727273
南,40.625
南,25.862068965517242
南,9.593246354566384
南,12.222222222222221
南,11.084016847705609
南,7.874015748031496
南北,8.461538461538462
南,14.444444444444445
南,28.88888888888889
南北,30.0
南,10.94890510948905
北,27.5
东,21.818181818181817
南,26.08695652173913
南北,12.76595744680851
南,13.246202755210174
南,15.625
南,11.055276381909549
南,21.73913043478261
南北,8.571428571428571
北,15.789473684210526
南,14.285714285714286
南北,10.344827586206897
南,13.333333333333334
南,28.591851322373124
南,31.16883116883117
南,33.333333333333336
南,30.0
南北,13.0
南,23.076923076923077
南,14.285714285714286
南,21.818181818181817
南,12.195121951219512
南北,34.285714285714285
南,14.285714285714286
南,14.285714285714286
南北,33.333333333333336
南北,9.090909090909092
南北,8.333333333333334
南,21.73913043478261
南,34.21052631578947
南,11.11111111111111
南,10.434782608695652
南,24.0
南北,8.333333333333334
南,35.0
南,11.11111111111111
南,37.5
南北,9.803921568627452
南北,10.833333333333334
南北,12.658227848101266
南,12.820512820512821
南北,12.0
南,21.428571428571427
南北,20.3125
南,35.714285714285715
南,19.642857142857142
南,10.833333333333334
南北,8.881578947368421
南,25.53191489361702
南,37.5
南,22.058823529411764
南,18.571428571428573
南,31.25
南,24.193548387096776
南,19.35483870967742
南,27.77777777777778
南,15.789473684210526
南,10.0
南北,15.476190476190476
南,10.0
南北,9.166666666666666
南北,23.0
南,11.440677966101696
南北,12.222222222222221
南,14.084507042253522
南,26.666666666666668
南,21.818181818181817
南北,11.11111111111111
南,16.666666666666668
南,43.333333333333336
东,23.25581395348837
南,24.444444444444443
南,10.344827586206897
南,14.792899408284024
南北,9.174311926605505
南,14.814814814814815
南,8.741258741258742
南,13.414634146341463
南,10.546875
南北,12.0
南,19.29824561403509
南,10.909090909090908
南,15.730337078651685
南北,14.583333333333334
南北,14.705882352941176
南北,8.270676691729323
南,30.0
南北,7.142857142857143
南,24.163568773234203
南,14.563106796116505
南,32.5
南,33.333333333333336
南,10.714285714285714
南北,10.81081081081081
南北,8.26771653543307
南北,10.4
南北,13.414634146341463
南,15.555555555555555
南,22.22222222222222
南,22.0
南,28.846153846153847
南,37.5
南北,6.993006993006993
南,12.5
南,12.5
南,34.21052631578947
南,34.883720930232556
南,24.444444444444443
南北,6.741573033707865
南,24.074074074074073
南,14.423076923076923
南北,15.116279069767442
南北,6.802721088435374
南,14.117647058823529
南,30.0
南,33.333333333333336
南,9.70873786407767
南北,18.118466898954704
南北,15.294117647058824
南北,7.5
南,19.23076923076923
南,16.02307322544464
南,14.117647058823529
南,9.757575757575758
南,28.571428571428573
南,15.789473684210526
南,12.5
南,16.3265306122449
南北,12.5
南,7.6923076923076925
南,11.578947368421053
南,32.5
南,13.333333333333334
南,11.640314288485788
南,12.745098039215685
南,33.46203346203346
南,10.344827586206897
南,13.392857142857142
南,13.333333333333334
南,11.11111111111111
南,12.5
东,22.413793103448278
南,10.0
南,16.666666666666668
南,30.0
北,32.432432432432435
南北,23.333333333333332
南,32.21649484536083
南,22.413793103448278
南北,9.090909090909092
南北,23.333333333333332
南,16.666666666666668
南,7.8125
南北,30.0
南,10.344827586206897
南,18.75
南,26.53061224489796
南北,15.882352941176471
南,12.631578947368421
南,17.441860465116278
南北,22.22222222222222
南,22.22222222222222
南北,28.88888888888889
南,21.88183807439825
南北,22.0
南,32.5
南,13.88888888888889
南,30.0
南,13.636363636363637
南,21.53846153846154
南北,28.88888888888889
南,10.0
南北,13.333333333333334
南,12.222222222222221
南,12.658227848101266
南北,9.615384615384615
南,9.70873786407767
南,32.5
南,13.091641490433032
南,19.402985074626866
南北,13.333333333333334
南北,11.11111111111111
南北,17.647058823529413
南北,10.989010989010989
南,12.5
南,11.71875
南北,9.90990990990991
南,13.333333333333334
南,8.849557522123893
南,8.333333333333334
南北,10.0
南,8.666666666666666
南,30.0
南,30.0
南北,7.6923076923076925
南,28.88888888888889
南,22.0
北,29.166666666666668
南,7.6923076923076925
南,11.450381679389313
南,17.142857142857142
南,16.25
南北,12.244897959183673
南北,6.578947368421052
南,20.0
南,33.333333333333336
南,6.410256410256411
南,19.607843137254903
南北,7.751937984496124
南,45.45454545454545
南北,12.5
南,25.0
南,21.818181818181817
南,15.0
南,16.455696202531644
南,33.333333333333336
南,29.166666666666668
南,13.978494623655914
南,31.25
南,25.0
南,15.333333333333334
南北,10.374520178441747
南,11.450381679389313
南,8.02919708029197
南北,11.827956989247312
南北,13.978494623655914
南北,10.256410256410257
南北,17.045454545454547
南北,7.299270072992701
南北,21.436227224008576
南,17.1875
南,11.428571428571429
南,39.473684210526315
南,29.26829268292683
南,14.197530864197532
北,10.0
南,11.023622047244094
南,25.53191489361702
北,18.75
南,13.88888888888889
南,13.870967741935484
南,37.142857142857146
南,33.333333333333336
南,20.0
南北,13.274336283185841
南,11.607142857142858
南,11.11111111111111
南北,11.764705882352942
南,8.02919708029197
南,19.672131147540984
南北,14.444444444444445
南北,16.48170530710911
南,19.23076923076923
南,20.0
南,20.0
南,13.636363636363637
南,10.0
南,13.75
南,15.006002400960384
南北,17.142857142857142
南,11.818181818181818
南北,13.392857142857142
南北,12.5
南,21.666666666666668
南,15.789473684210526
南,25.862068965517242
南北,7.874015748031496
南,29.166666666666668
东,18.333333333333332
南,10.434782608695652
南北,11.764705882352942
南,26.31578947368421
南,13.48314606741573
南,30.0
南,31.11111111111111
南,7.971014492753623
南,12.0
南,28.571428571428573
南,8.333333333333334
南,21.73913043478261
南北,11.11111111111111
南,15.625
南,13.402061855670103
南,15.789473684210526
南,32.5
南,32.5
南,9.401709401709402
南北,33.55704697986577
南,11.235955056179776
南,20.54794520547945
南,14.285714285714286
南北,8.02919708029197
南,19.23076923076923
南,11.278195488721805
南,11.11111111111111
南,16.666666666666668
南,25.0
南,32.55813953488372
南,12.222222222222221
南,14.705882352941176
南,12.531328320802004
南,11.11111111111111
西,26.53061224489796
南北,15.0
南,31.914893617021278
南,32.5
南,23.59774913777455
南,28.205128205128204
南,20.0
南,9.694619486185168
南,14.851485148514852
南,10.0
南,12.903225806451612
南北,14.285714285714286
南北,11.11111111111111
南北,17.391304347826086
东,16.666666666666668
南,23.636363636363637
南,12.631578947368421
南,28.26086956521739
南北,31.914893617021278
南,10.48951048951049
南北,13.274336283185841
南,25.0
南北,12.0
南,33.333333333333336
南北,9.375
南,12.5
南,18.333333333333332
南,15.873015873015873
南北,12.5
南,13.698630136986301
南,10.48951048951049
南北,13.88888888888889
南,13.157894736842104
南北,24.193548387096776
南,18.75
东,11.538461538461538
南,10.0
南,26.09393817743878
南,9.090909090909092
南北,12.5
南,11.11111111111111
北,28.0
南北,8.02919708029197
南北,26.31578947368421
北,37.5
南,12.307187397440105
南北,13.68421052631579
南,31.914893617021278
南,9.803921568627452
南,14.43298969072165
南,14.563106796116505
南,32.5
南,33.333333333333336
南,10.714285714285714
南北,10.81081081081081
南北,8.26771653543307
南北,10.4
南北,13.414634146341463
南,15.555555555555555
南北,17.24137931034483
南,30.76923076923077
南北,10.0
南,26.037735849056602
南,8.02919708029197
南,8.403361344537815
南,15.306122448979592
南,39.285714285714285
南,17.854690289795357
南北,12.941176470588236
南,39.473684210526315
南,18.039687312086592
南,15.789473684210526
南,9.090909090909092
南,33.333333333333336
北,39.24646781789639
南,10.606703436571914
南,9.322033898305085
南,20.0
南,24.0
南北,12.156823016918246
南北,25.61669829222011
南,12.5
南,40.625
南,13.541666666666666
南北,12.5
南北,8.928571428571429
南,24.444444444444443
南,12.222222222222221
南,18.181818181818183
南,32.35294117647059
南,29.166666666666668
南,11.742831979645759
南北,15.789473684210526
南,19.696969696969695
南,17.045454545454547
南北,16.666666666666668
南,11.818181818181818
南,9.23076923076923
南,12.222222222222221
南,10.344827586206897
北,20.338983050847457
南,13.333333333333334
南北,34.883720930232556
南,9.589142140591576
南,28.571428571428573
南,11.504424778761061
南,17.91044776119403
南,11.956521739130435
南,23.076923076923077
南,8.333333333333334
南,8.666666666666666
南,30.0
南,28.88888888888889
南,22.0
北,29.166666666666668
南,31.25
南,24.528301886792452
南,27.5
南,27.272727272727273
南,28.88888888888889
南北,33.333333333333336
南北,27.5
南北,28.88888888888889
南北,10.0
南北,30.0
南,18.571428571428573
南,15.714285714285714
南,15.822784810126581
南北,11.818181818181818
南,13.333333333333334
北,33.46203346203346
南,11.764705882352942
北,32.608695652173914
南,33.333333333333336
南,28.88888888888889
南北,11.194029850746269
南北,12.222222222222221
南,28.26086956521739
南,8.839648771288822
南,28.866971373586722
南北,6.302521008403361
南,32.27408142999007
南,32.21010901883053
南,19.642857142857142
南,28.88888888888889
南,31.25
南,6.489675516224189
南,14.285714285714286
南北,9.615384615384615
南,17.441860465116278
南北,31.11111111111111
南,8.450704225352112
南,9.774436090225564
南,9.928057553956835
南,11.016949152542374
南,30.0
南,6.25
南,19.23076923076923
北,28.571428571428573
南,21.666666666666668
南,14.444444444444445
南,8.130081300813009
南,9.166666666666666
南,15.189873417721518
南,17.647058823529413
南,8.80503144654088
北,40.0
南,20.61855670103093
南北,8.123476848090982
南北,8.474576271186441
南,10.81081081081081
南,8.0
南,8.500028333427778
南北,14.705882352941176
南北,8.270676691729323
南北,11.764705882352942
南,26.0
南,21.666666666666668
南,14.792899408284024
南,13.392857142857142
南,13.157894736842104
南,10.434782608695652
南,12.222222222222221
南北,7.5
南,16.27906976744186
南北,22.22222222222222
南,41.37931034482759
南北,24.193548387096776
南,25.0
南,16.666666666666668
南,14.792899408284024
南,15.463917525773196
南,30.0
南,31.914893617021278
南,18.333333333333332
南,30.0
南北,13.88888888888889
北,25.0
南,14.814814814814815
南,11.627906976744185
南,31.25
南,20.454545454545453
南,24.193548387096776
南,16.666666666666668
南北,26.153846153846153
南北,32.25806451612903
南北,10.714285714285714
南,16.949152542372882
南北,15.625
南,17.045454545454547
南,9.433962264150944
南,10.344827586206897
南,21.176470588235293
南北,14.772727272727273
南北,18.0
南,20.304568527918782
南北,10.526315789473685
南,19.897959183673468
南,15.789473684210526
南,20.05124206305002
南北,18.773466833541924
南,28.571428571428573
南北,10.0
南北,12.037037037037036
南,10.833333333333334
南,12.295081967213115
南,26.666666666666668
南,22.22222222222222
南,23.529411764705884
南北,10.4
南北,19.642857142857142
南,17.857142857142858
南,16.666666666666668
南,32.608695652173914
南北,18.75
南北,26.666666666666668
南,16.11111111111111
南北,13.761467889908257
南,11.363636363636363
南,7.921516056303698
南,11.0
南,12.5
南,17.741935483870968
南,19.23076923076923
南北,9.615384615384615
南北,10.771992818671453
南北,13.761467889908257
南,29.940119760479043
南,11.11111111111111
南,30.0
南,12.222222222222221
南,13.043478260869565
南北,15.0
南,39.473684210526315
南北,27.77777777777778
南,17.391304347826086
南,40.0
南北,13.793103448275861
南,8.205128205128204
南北,16.129032258064516
南,12.89490651192779
东,16.666666666666668
南,14.388489208633093
南北,35.55555555555556
南,13.235294117647058
南北,14.545454545454545
南,13.986013986013987
南北,15.384615384615385
南,14.574898785425102
南,20.32085561497326
南,9.782608695652174
南北,13.636363636363637
南,19.23076923076923
南,15.126050420168067
南,15.32258064516129
南,21.59090909090909
南北,10.48951048951049
南,34.883720930232556
南北,28.846153846153847
南,14.545454545454545
南,12.866333095067905
南,33.333333333333336
南北,15.384615384615385
南,13.333333333333334
南,14.545454545454545
南,31.25
南北,17.77777777777778
北,35.294117647058826
南,18.0
南,19.603960396039604
南,15.0
南,21.348314606741575
南北,12.67605633802817
南,14.285714285714286
南,7.5
南北,16.666666666666668
南北,25.0
南北,25.974025974025974
南,11.834319526627219
南,15.463917525773196
南,28.169014084507044
南,39.473684210526315
南,17.77777777777778
南北,12.295081967213115
南,36.0
南,31.25
南,14.285714285714286
南,12.0
南,16.666666666666668
南,12.894075172458255
南,14.0
南,13.380281690140846
南,41.86046511627907
南,9.72972972972973
南,12.931034482758621
南,10.416666666666666
南,18.181818181818183
南,39.473684210526315
南北,13.392857142857142
南,35.416666666666664
南,8.823529411764707
南,21.517716253048345
东,22.123893805309734
南北,15.037593984962406
南,27.272727272727273
南,15.254237288135593
南北,12.5
南,14.285714285714286
南,16.260162601626018
南,13.698630136986301
南北,15.384615384615385
南,20.408163265306122
南,35.714285714285715
南,39.130434782608695
南北,17.094017094017094
南,11.538461538461538
南,10.94890510948905
南,12.0
南,18.072289156626507
南,41.46341463414634
南,14.285714285714286
南,13.6
南,10.344827586206897
南北,13.986013986013987
南,38.46153846153846
南,11.904761904761905
南,12.5
南北,18.867924528301888
南,23.529411764705884
南,24.0
南,14.0625
南,13.453232316080154
南,22.471910112359552
南北,12.666666666666666
南,8.571428571428571
南,13.223140495867769
南,14.814814814814815
南,13.559322033898304
南,10.714285714285714
南,11.730205278592376
南北,14.827018121911037
南北,20.2020202020202
南,15.0
南,32.608695652173914
南北,13.761467889908257
南,12.5
南北,9.615384615384615
南北,13.761467889908257
南北,17.953321364452425
南北,11.03448275862069
南,17.391304347826086
南,10.0
北,13.043478260869565
南,11.188811188811188
南,22.22222222222222
南北,14.285714285714286
南,33.333333333333336
南,13.392857142857142
南北,13.559322033898304
南,13.114754098360656
南,26.470588235294116
南,28.571428571428573
南,18.38235294117647
南北,8.474576271186441
南,31.25
南,23.4375
南,30.303030303030305
南北,17.441860465116278
南,33.333333333333336
南北,15.0
南北,11.888111888111888
南,14.652014652014651
南,45.45454545454545
南北,12.5
南北,12.592592592592593
南,29.032258064516128
南,25.0
南,13.993625126331338
南,13.333333333333334
南,15.0
南,9.523809523809524
南,33.333333333333336
南,13.986013986013987
南,31.25
南,28.125
南,18.0
南,20.833333333333332
南,13.890094626269642
南,11.450381679389313
南,38.0
南,21.176470588235293
南,14.084507042253522
南,12.903225806451612
南,12.295081967213115
南北,13.065359477124183
南,16.49484536082474
南,26.41509433962264
南,14.285714285714286
南,13.392857142857142
南北,12.037037037037036
南,13.333333333333334
南北,6.857142857142857
南北,30.0
南,28.26086956521739
南北,9.090909090909092
南北,15.555555555555555
南北,11.818181818181818
南,25.862068965517242
南,31.11111111111111
南,8.16326530612245
南,15.555555555555555
南,21.666666666666668
南北,36.95491500369549
南,10.869565217391305
南北,15.384615384615385
南,12.037037037037036
南,20.0
南,10.714285714285714
南北,15.714285714285714
南,16.27906976744186
南,21.428571428571427
南,8.571428571428571
南,13.223140495867769
南,14.814814814814815
南,13.559322033898304
南,10.714285714285714
南,11.730205278592376
南北,14.827018121911037
南北,13.980582524271844
南北,12.711864406779661
南北,8.123476848090982
南,15.254237288135593
南,13.286713286713287
南北,12.381345439537762
南,15.0
南,23.4375
南,15.533980582524272
南,13.793103448275861
南北,13.986013986013987
南,16.304347826086957
南北,13.28125
南,13.235294117647058
南北,10.0
南北,17.857142857142858
南,27.272727272727273
南,15.652173913043478
南,16.185365022574324
南北,9.0
南,15.640434639446822
南北,12.413793103448276
南北,16.666666666666668
南北,11.11111111111111
南,14.814814814814815
南北,10.026737967914439
南北,14.423076923076923
南,28.846153846153847
南北,10.27027027027027
南,19.791666666666668
南北,15.789473684210526
南,21.25
南,15.178571428571429
南北,11.11111111111111
南,16.666666666666668
南北,15.951790145338531
南,10.344827586206897
南,32.0
南,15.037593984962406
南,12.0
南,37.5
南,17.699115044247787
南,19.51219512195122
南北,12.0
南,21.428571428571427
南,20.0
南,16.39344262295082
南北,12.244897959183673
南,30.0
南,12.318840579710145
南,15.0
南北,17.647058823529413
南,16.679176048703194
南北,9.615384615384615
南,18.181818181818183
南北,17.647058823529413
南,18.181818181818183
南,24.615384615384617
南,11.71875
南,36.0
南,28.571428571428573
南北,19.791666666666668
南,30.0
南,30.0
南,19.41747572815534
南,33.333333333333336
南,13.88888888888889
南,22.727272727272727
南,20.0
南,31.25
南,27.272727272727273
南,16.822429906542055
南,29.09090909090909
南,20.0
南,36.0
南北,15.951790145338531
南,10.344827586206897
南,32.0
南,15.037593984962406
南,12.0
南,37.5
南,17.699115044247787
南,19.51219512195122
南北,12.0
南,21.428571428571427
南,20.0
南,37.5
南,26.666666666666668
南,22.058823529411764
南北,16.666666666666668
南,31.25
南,24.193548387096776
南,27.77777777777778
南,15.789473684210526
南,16.129032258064516
南,18.181818181818183
南,12.244897959183673
南,15.0
南北,14.150943396226415
南,9.88989252983451
南,19.10112359550562
南,11.586206896551724
南,14.285714285714286
南,18.69158878504673
南北,10.714285714285714
南,14.925373134328359
南,18.47826086956522
南,14.150943396226415
南北,12.195121951219512
南,30.18867924528302
南,15.88785046728972
南北,12.413793103448276
南北,16.666666666666668
南北,11.11111111111111
南,14.814814814814815
南北,10.026737967914439
南北,14.423076923076923
南,28.846153846153847
南北,10.27027027027027
南,19.791666666666668
南北,15.789473684210526
南,21.25
南,15.178571428571429
南北,11.11111111111111
南,16.666666666666668
南,17.391304347826086
南,10.0
北,13.043478260869565
南,11.188811188811188
南,22.22222222222222
南北,14.285714285714286
南,33.333333333333336
南,13.392857142857142
南北,13.559322033898304
南,13.114754098360656
南,26.470588235294116
南,28.571428571428573
南,18.38235294117647
南北,8.474576271186441
南,31.25
南,23.4375
南,30.303030303030305
南北,17.441860465116278
南,19.10112359550562
南,11.586206896551724
南,14.285714285714286
南,18.69158878504673
南北,10.714285714285714
南,14.925373134328359
南,18.47826086956522
南,12.857142857142858
南,23.076923076923077
北,39.24646781789639
南,20.0
南北,12.857142857142858
南,14.60446247464503
南,12.5
南,15.146415348367553
南北,16.39344262295082
南北,33.582089552238806
南,15.789473684210526
南,13.333333333333334
南,30.0
南北,16.346153846153847
南,12.903225806451612
南北,13.740458015267176
南,10.48951048951049
南,12.195121951219512
南,16.666666666666668
南,13.392857142857142
南北,18.75
南,33.333333333333336
南,40.0
南,30.0
南,10.48951048951049
南,13.793103448275861
南,12.413793103448276
南北,27.272727272727273
南,21.05263157894737
南,10.211027910142954
南,17.97752808988764
南北,32.0
南,12.121212121212121
南,31.25
南,11.851851851851851
南,31.914893617021278
南,39.473684210526315
南北,11.851851851851851
南北,16.52173913043478
南,13.392857142857142
南,16.842105263157894
南,28.846153846153847
南北,12.173913043478262
南,15.254237288135593
南,36.58536585365854
南,11.450381679389313
南北,13.235294117647058
南,14.0625
南,34.0
南北,6.578947368421052
南,33.333333333333336
南北,15.0
南北,11.888111888111888
南,14.652014652014651
南,45.45454545454545
南北,12.5
南北,12.592592592592593
南,29.032258064516128
南,25.0
北,33.333333333333336
南,21.951219512195124
南,10.0
南,15.0
北,30.0
南,18.434139007748353
南,16.666666666666668
南,19.35483870967742
南,17.97752808988764
南,16.0
南,31.25
南北,15.447154471544716
南北,20.0
南,10.285714285714286
南北,42.10526315789474
南北,12.396694214876034
南,13.392857142857142
南北,12.0
南北,30.0
南,20.0
南,17.821782178217823
南北,11.379310344827585
南,25.862068965517242
南,23.68421052631579
南,8.121827411167512
南,13.67053998632946
南,10.869565217391305
南,19.318181818181817
南北,14.598540145985401
南,11.594202898550725
南,15.748031496062993
南,12.857142857142858
南,23.076923076923077
北,39.24646781789639
南,20.0
南北,12.857142857142858
南,14.60446247464503
南,12.5
南,15.146415348367553
南北,16.39344262295082
南北,33.582089552238806
南,15.789473684210526
南,13.333333333333334
南,30.0
南北,16.346153846153847
南,12.903225806451612
南北,13.740458015267176
南,10.48951048951049
南,12.195121951219512
南,16.666666666666668
南,13.392857142857142
南北,18.75
南,33.333333333333336
南,40.0
南,30.0
南,10.48951048951049
南,21.348314606741575
南北,12.67605633802817
南,14.285714285714286
南,7.5
南北,16.666666666666668
南北,25.0
南北,25.974025974025974
南,11.834319526627219
南,15.463917525773196
南,28.169014084507044
南,39.473684210526315
南,17.77777777777778
南北,12.295081967213115
南,36.0
南,31.25
南,14.285714285714286
南,30.0
南,16.666666666666668
南北,19.78021978021978
南,28.846153846153847
南,36.36363636363637
南,12.587412587412587
南,14.084507042253522
南北,17.97752808988764
南,22.471910112359552
南,15.151515151515152
南,31.25
南北,12.5
南,16.666666666666668
南,36.58536585365854
南北,9.615384615384615
南,20.2020202020202
南北,15.0
南,17.441860465116278
南,14.388489208633093
南,17.77777777777778
南,30.0
南,6.25
南,13.333333333333334
南,24.0
南,13.740458015267176
南,32.0
东,14.15929203539823
南,17.647058823529413
南,13.793103448275861
南,15.625
南,17.142857142857142
南,13.845903241570289
南,17.857142857142858
南,15.306122448979592
东,33.333333333333336
南,11.337579617834395
南,13.636363636363637
南北,15.447154471544716
南,17.857142857142858
南,12.857142857142858
南,15.151515151515152
南,31.25
南北,12.5
南,16.666666666666668
南,36.58536585365854
南,10.79136690647482
南,16.666666666666668
南北,12.5
南北,13.636363636363637
南,13.846153846153847
南,25.0
南,31.25
南,33.333333333333336
南,24.59016393442623
南,33.333333333333336
南,11.538461538461538
南,22.22222222222222
南,19.35483870967742
南,33.333333333333336
南,12.67605633802817
南,18.333333333333332
南,30.0
南北,13.88888888888889
北,25.0
南,14.814814814814815
南,11.627906976744185
南,31.25
南,20.454545454545453
南,16.52892561983471
南,18.0
南,16.39344262295082
南,16.363636363636363
南,15.151515151515152
南北,15.0
南北,15.789473684210526
南,11.11111111111111
南,17.045454545454547
南北,24.096385542168676
南北,34.883720930232556
南北,20.0
南,15.652173913043478
南,18.34862385321101
南,12.244897959183673
南北,12.195121951219512
南,16.9811320754717
南北,17.538090540392414
南,23.076923076923077
南北,17.24137931034483
南北,18.01801801801802
南,15.037593984962406
南,12.5
南,15.306122448979592
南,46.45161290322581
南,12.698412698412698
南,39.473684210526315
南,15.789473684210526
南,9.090909090909092
南,15.625
南,14.634146341463415
东,17.77777777777778
南,14.0625
南北,12.587412587412587
南,19.23076923076923
南,12.513556352715442
南,15.789473684210526
南,14.814814814814815
南,14.782608695652174
南,16.163793103448278
南,38.0
南,14.782608695652174
南,27.77777777777778
南北,15.384615384615385
南,16.363636363636363
南,16.80672268907563
南北,7.389162561576355
南,15.126050420168067
南,21.27659574468085
南北,12.878787878787879
南北,16.666666666666668
南北,13.043478260869565
南北,8.571428571428571
北,15.789473684210526
南,14.388489208633093
南,38.297872340425535
南,25.396825396825395
南,11.851851851851851
南,15.0
南北,30.0
南,10.344827586206897
南北,20.296841304072053
南,18.75
南,13.333333333333334
南,17.708333333333332
北,35.294117647058826
南,23.529411764705884
北,35.294117647058826
南,18.823529411764707
南,12.307692307692308
南,17.441860465116278
南,28.571428571428573
南,16.666666666666668
南,13.636363636363637
南,14.545454545454545
南,16.0
南北,13.10344827586207
南,15.625
南,18.94736842105263
南,30.0
南,19.047619047619047
南,20.0
南,20.0
南北,13.986013986013987
南,24.615384615384617
南,11.766551615939754
南,33.333333333333336
南,13.986013986013987
南,31.25
南,28.125
南,18.0
南,20.833333333333332
南,13.890094626269642
南,11.450381679389313
南,38.0
南,21.176470588235293
南,14.084507042253522
南,12.903225806451612
南,12.295081967213115
南北,13.065359477124183
南,16.49484536082474
南北,20.2020202020202
南,15.0
南,32.608695652173914
南北,13.761467889908257
南,12.5
南北,9.615384615384615
南北,13.761467889908257
南北,17.953321364452425
南北,11.03448275862069
南,17.391304347826086
南,10.0
北,13.043478260869565
南,11.188811188811188
南,16.679176048703194
南北,9.615384615384615
南,18.181818181818183
南北,17.647058823529413
南,18.181818181818183
南,24.615384615384617
南,11.71875
南,36.0
南,28.571428571428573
南北,19.791666666666668
南,30.0
南,30.0
南,19.41747572815534
南,33.333333333333336
南,13.88888888888889
南,22.727272727272727
南,20.0
南,31.25
南,27.272727272727273
南,16.822429906542055
南,29.09090909090909
南,20.0
南,36.0
南,18.27956989247312
南,13.559322033898304
南北,33.333333333333336
南,20.408163265306122
南,34.0
南北,42.10526315789474
南北,12.396694214876034
南,13.392857142857142
南北,12.0
南北,30.0
南,20.0
南,17.821782178217823
南北,11.379310344827585
南,25.862068965517242
南,23.68421052631579
南,8.121827411167512
南,13.67053998632946
南,10.869565217391305
南,19.318181818181817
南,10.714285714285714
南,21.25
南,30.90909090909091
南,33.333333333333336
南北,10.714285714285714
南,13.223140495867769
南,18.823529411764707
南北,17.094017094017094
北,30.0
南,33.333333333333336
南北,21.428571428571427
南北,43.81443298969072
南,15.873015873015873
南,52.63157894736842
南北,15.789473684210526
南,18.69158878504673
南北,16.666666666666668
南,19.047619047619047
南北,14.362657091561939
南,14.184397163120567
南北,14.285714285714286
南,22.22222222222222
南北,17.699115044247787
南,33.333333333333336
南,17.391304347826086
南,14.615384615384615
南,21.176470588235293
南,16.666666666666668
南,15.625
南北,13.636363636363637
南,18.88888888888889
南,32.945310784098396
南,13.846153846153847
南,12.269938650306749
南,21.25
南,25.396825396825395
南,16.666666666666668
南,20.224719101123597
南,11.029411764705882
南北,26.153846153846153
南北,32.25806451612903
南北,10.714285714285714
南,16.949152542372882
南,13.333333333333334
南,17.708333333333332
北,35.294117647058826
南,23.529411764705884
北,35.294117647058826
南,18.823529411764707
南,12.307692307692308
南,17.441860465116278
南,28.571428571428573
南,16.666666666666668
南,13.636363636363637
南,14.545454545454545
南,16.0
南北,13.10344827586207
南,15.625
南,18.94736842105263
南,30.0
南,19.047619047619047
南,20.0
南,20.0
南北,13.986013986013987
南,24.615384615384617
南,11.766551615939754
南,50.0
南,18.181818181818183
南北,21.176470588235293
南,22.22222222222222
南,19.87632508833922
南,9.67741935483871
南,50.0
南,18.181818181818183
南北,21.176470588235293
南,22.22222222222222
南,19.87632508833922
南,9.67741935483871
南,52.63157894736842
南北,15.789473684210526
南,18.69158878504673
南北,16.666666666666668
南,19.047619047619047
南北,14.362657091561939
南,14.184397163120567
南北,14.285714285714286
南,22.22222222222222
南北,17.699115044247787
南,33.333333333333336
南,17.391304347826086
南,14.615384615384615
南,21.176470588235293
南,16.666666666666668
南,15.625
南北,13.636363636363637
南,18.88888888888889
南,32.945310784098396
南,13.846153846153847
南,12.269938650306749
南,21.25
南,25.396825396825395
南,33.333333333333336
南,37.5
南,13.043478260869565
南,10.714285714285714
南,15.841584158415841
南,15.384615384615385
南,30.76923076923077
南,28.846153846153847
南,15.267175572519085
南,35.55555555555556
南,16.847826086956523
南,13.043478260869565
南,12.5
南,12.5
南北,13.6
南,34.883720930232556
南,15.625
南,16.666666666666668
南,44.73684210526316
南北,19.78021978021978
南,14.423076923076923
南北,11.188811188811188
南北,16.99463327370304
南,20.224719101123597
南,10.344827586206897
南,11.278195488721805
南北,11.695906432748538
南北,11.379310344827585
南,25.862068965517242
南,23.68421052631579
南,8.121827411167512
南,13.67053998632946
南,10.869565217391305
南,19.318181818181817
南,10.714285714285714
南,21.25
南,30.90909090909091
南,33.333333333333336
南北,10.714285714285714
南,13.223140495867769
南,18.823529411764707
南北,17.094017094017094
北,30.0
南,33.333333333333336
南北,21.428571428571427
南北,43.81443298969072
南,15.873015873015873
南,16.666666666666668
南,31.25
南,12.5
南,13.076923076923077
南,44.44444444444444
南,15.748031496062993
南,34.0
南,11.764705882352942
南,14.754098360655737
南北,14.84375
南北,18.94736842105263
南,16.666666666666668
南北,14.754098360655737
南,12.857142857142858
南,29.6875
北,33.333333333333336
南,21.951219512195124
南,10.0
南,15.0
北,30.0
南,18.434139007748353
南,16.666666666666668
南,19.35483870967742
南,17.97752808988764
南,16.0
南,31.25
南北,15.447154471544716
南北,20.0
南,10.285714285714286
南北,42.10526315789474
南北,12.396694214876034
南,13.392857142857142
南北,12.0
南北,30.0
南,20.0
南,17.821782178217823
南,16.39344262295082
南北,14.285714285714286
南,40.476190476190474
南北,19.78021978021978
南北,12.307692307692308
南,16.0
南,14.516129032258064
南,38.0
南,11.25
南,38.095238095238095
南,9.444444444444445
南,10.884353741496598
南,15.748031496062993
南,16.52173913043478
南,17.647058823529413
南,11.65331391114348
南,11.11111111111111
南,15.873015873015873
南北,11.046511627906977
南北,12.195121951219512
南北,12.857142857142858
南,10.344827586206897
南,12.408759124087592
南,16.853932584269664
南,16.666666666666668
南,21.176470588235293
南,16.949152542372882
南,28.011204481792717
南,12.5
南北,13.6
南,34.883720930232556
南,15.625
南,16.666666666666668
南,44.73684210526316
南北,19.78021978021978
南,14.423076923076923
南北,11.188811188811188
南北,16.99463327370304
南,20.224719101123597
南,10.344827586206897
南,11.278195488721805
南北,11.695906432748538
南,29.41176470588235
南,14.634146341463415
南,15.0
南北,14.0
南,18.181818181818183
南,13.986013986013987
南,11.419753086419753
南,10.588235294117647
南,12.5
南,30.0
南北,7.5
南北,13.846153846153847
南北,13.88888888888889
南北,24.193548387096776
东,11.538461538461538
南,14.0625
南北,13.986013986013987
南,20.833333333333332
南北,9.553633034340004
南北,26.31578947368421
南,12.307187397440105
南,16.0
南,28.214285714285715
南,31.914893617021278
南,13.333333333333334
南,18.0
南,14.563106796116505
南,33.333333333333336
南,37.5
南,13.043478260869565
南,10.714285714285714
南,15.841584158415841
南,15.384615384615385
南,30.76923076923077
南,28.846153846153847
南,15.267175572519085
南,35.55555555555556
南,16.847826086956523
南,13.043478260869565
南,12.5
南,16.853932584269664
南,16.666666666666668
南,21.176470588235293
南,16.949152542372882
南,28.011204481792717
南,45.714285714285715
南,19.753086419753085
南,12.5
南,21.333333333333332
南,28.571428571428573
南北,10.666666666666666
南北,17.204301075268816
南,13.333333333333334
南北,12.5
南,31.914893617021278
南,41.25
南,29.310344827586206
南,32.0
北,13.445378151260504
南,15.254237288135593
南,31.25
南,22.22222222222222
南,13.392857142857142
南,13.513513513513514
南,19.047619047619047
南,12.5
南,15.625
南,19.565217391304348
南北,17.045454545454547
南,10.344827586206897
南,30.0
南,16.666666666666668
南,13.636363636363637
南,14.173228346456693
南,9.554140127388536
南,12.711864406779661
南,15.306122448979592
南,16.9811320754717
南北,16.666666666666668
南,17.142857142857142
南,20.022246941045605
南,12.5
南,30.158730158730158
南,15.151515151515152
南,18.0
南北,10.0
南,12.244897959183673
南,13.88888888888889
南,47.36842105263158
南,17.391304347826086
南北,20.3125
南,12.949640287769784
南,14.173228346456693
南北,16.666666666666668
南北,16.853932584269664
南,15.079365079365079
南北,10.96774193548387
南,13.333333333333334
南,10.94890510948905
南,19.41747572815534
南,15.151515151515152
南,14.285714285714286
南,10.588235294117647
南,15.384615384615385
南北,17.857142857142858
南,13.392857142857142
南,19.047619047619047
南北,8.0
南北,18.5
南,8.743169398907105
南,15.878056525881233
南,20.43010752688172
南北,41.067761806981515
南,14.851485148514852
南,34.78260869565217
南,15.625
南北,14.285714285714286
南,24.390243902439025
南北,16.666666666666668
南北,31.914893617021278
南,10.48951048951049
南北,13.274336283185841
南,19.753086419753085
南,12.5
南北,10.666666666666666
南北,12.5
南,22.22222222222222
南,20.0
南,31.25
南,27.272727272727273
南,16.822429906542055
南,29.09090909090909
南,13.559322033898304
南北,33.333333333333336
南,20.408163265306122
南,12.592592592592593
南北,21.428571428571427
南,23.529411764705884
北,32.608695652173914
南,12.32876712328767
南,33.333333333333336
南北,11.194029850746269
南,16.52892561983471
南,15.789473684210526
南北,9.67741935483871
南北,12.5
南,26.666666666666668
南北,16.483516483516482
南,11.764705882352942
南,12.142857142857142
南,22.22222222222222
南,33.333333333333336
南,32.0
南北,13.326226012793176
南,35.416666666666664
南,11.940298507462687
南北,14.40677966101695
南,36.58536585365854
南,38.46153846153846
南,15.652173913043478
南北,12.587412587412587
南,12.5
南北,13.333333333333334
南北,13.846153846153847
南,16.513761467889907
东,36.0
南,14.0625
南,17.857142857142858
南,22.727272727272727
南,20.0
南,20.238095238095237
南,11.188811188811188
南北,12.857142857142858
南北,11.11111111111111
南,16.666666666666668
南,15.789473684210526
南,33.333333333333336
南,17.675651789659742
南北,33.55704697986577
南,13.698630136986301
南,11.235955056179776
南,20.54794520547945
南,11.278195488721805
南北,13.698630136986301
南北,8.474576271186441
南北,8.123476848090982
南北,27.272727272727273
南,8.500028333427778
南,18.27956989247312
南,20.0
南,17.699115044247787
南,13.392857142857142
南北,7.5
南,15.126050420168067
南北,24.193548387096776
南,15.463917525773196
南,16.666666666666668
南北,13.709677419354838
南,25.0
南,36.10108303249097
南,8.839648771288822
南北,6.302521008403361
南,18.095238095238095
南,34.61538461538461
南,14.285714285714286
南北,9.615384615384615
南,20.2020202020202
南北,15.0
南,17.441860465116278
南,14.388489208633093
南北,11.695906432748538
南北,13.986013986013987
南北,36.36363636363637
南北,19.047619047619047
南,19.491525423728813
南,13.513513513513514
南,17.419354838709676
南北,16.455696202531644
南北,18.501387604070306
南北,26.136363636363637
南北,17.016820472544016
南北,16.52892561983471
南,15.461925009663704
南北,18.01801801801802
南,35.82089552238806
南,28.571428571428573
南,17.385257301808064
南,20.0
南,14.184397163120567
南,11.415525114155251
南,14.248058702001853
南北,16.428571428571427
南,17.985611510791365
南,17.74937877174299
南北,15.957446808510639
南,17.857142857142858
南,16.666666666666668
南北,18.646616541353385
南,16.52892561983471
南,23.404255319148938
南,17.123287671232877
南,18.181818181818183
南北,15.748031496062993
南北,16.260162601626018
南北,14.705882352941176
南,21.50537634408602
南北,15.714285714285714
南,18.333333333333332
南,52.854122621564485
南北,24.878716258241074
南,18.64406779661017
南北,23.80952380952381
南北,13.333333333333334
南北,19.68503937007874
南,15.625
南,21.53846153846154
南北,17.333333333333332
南北,20.8
东,14.482758620689655
南北,16.0
南,13.812154696132596
南北,11.560693641618498
南,13.157894736842104
南,12.121212121212121
南,31.25
南,14.666666666666666
南,12.5
南,13.88888888888889
南,20.625
南北,12.5
南,9.67741935483871
南北,16.129032258064516
南北,17.0
南,10.344827586206897
南,13.392857142857142
南,12.142857142857142
南北,13.008130081300813
南北,32.0
南,22.5
南,11.11111111111111
南,12.5
南,19.23076923076923
南,31.982942430703627
南,20.0
南,17.92452830188679
南,17.217391304347824
南北,16.5
南,13.636363636363637
南,36.58536585365854
南,22.265103161644646
南,11.285714285714286
南北,10.744985673352437
南,13.223140495867769
南北,13.445378151260504
南,30.0
南北,14.285714285714286
南,36.0
南,19.804158873363406
南,18.823529411764707
南,30.0
南,11.917530687641522
南北,15.447154471544716
南北,15.789473684210526
南,22.352941176470587
南,18.88888888888889
南北,17.647058823529413
南,37.5
南,13.986013986013987
南北,16.842105263157894
南,24.390243902439025
南,15.789473684210526
南,13.846153846153847
南,31.25
南,37.5
南,34.0
南北,16.666666666666668
南北,11.594202898550725
南,15.0
南,17.77777777777778
南北,14.285714285714286
南,22.22222222222222
南北,17.699115044247787
南,23.157894736842106
南,15.625
南,19.858156028368793
南,12.269938650306749
南北,14.788732394366198
南北,30.0
南,20.833333333333332
南,20.952380952380953
南北,32.25806451612903
南,22.727272727272727
南,16.666666666666668
南北,18.181818181818183
南,19.25925925925926
南,22.448979591836736
南,16.949152542372882
南北,15.625
南,14.563106796116505
南北,29.333333333333332
南北,18.253968253968253
南北,18.11023622047244
南北,14.45086705202312
南北,15.384615384615385
南,12.894075172458255
南北,20.689655172413794
南,17.123287671232877
南,19.53125
南,11.627906976744185
南,21.359223300970875
南,26.923076923076923
南,16.666666666666668
南,15.625
南,17.39937362254959
南,20.833333333333332
南北,13.986013986013987
南,12.5
南北,15.116279069767442
南北,14.184397163120567
南,15.909090909090908
南北,11.695906432748538
南北,13.986013986013987
南北,36.36363636363637
南北,19.047619047619047
南,19.491525423728813
南,13.513513513513514
南,17.419354838709676
南北,16.455696202531644
南北,18.501387604070306
南,21.705426356589147
南,23.863636363636363
南,19.491525423728813
南,20.0
南,14.534883720930232
南,19.166666666666668
南北,17.88617886178862
南北,14.880952380952381
南,13.793103448275861
南,17.094017094017094
南,38.46153846153846
南北,14.838709677419354
南,19.53125
南,17.857142857142858
南北,13.333333333333334
南北,18.315018315018314
南,13.481828839390387
南,22.727272727272727
南北,17.985611510791365
南,19.148936170212767
南北,13.924050632911392
南北,16.793893129770993
南,17.675651789659742
南,13.698630136986301
南,16.428571428571427
南,15.625
南北,22.04724409448819
南北,16.666666666666668
南北,13.698630136986301
南北,17.391304347826086
南,21.21212121212121
南,16.470588235294116
南,20.72538860103627
南,14.598540145985401
南,20.0
北,18.75
南北,15.384615384615385
南,33.333333333333336
南,11.920529801324504
南,27.586206896551722
南北,13.492063492063492
南,16.39344262295082
南北,14.285714285714286
南,40.476190476190474
南北,19.78021978021978
南北,12.307692307692308
南,16.0
南,14.516129032258064
南,38.0
南,11.25
南,38.095238095238095
南,9.444444444444445
南,10.884353741496598
南,15.748031496062993
南,16.52173913043478
南,17.647058823529413
南,11.65331391114348
南,11.11111111111111
南,15.873015873015873
南,18.58407079646018
南,12.172284644194757
南北,23.333333333333332
南,15.873015873015873
南,40.32258064516129
南北,14.962220393506398
南,29.473684210526315
南,22.93577981651376
南北,24.0
南,19.166666666666668
南,25.0
南北,16.949152542372882
南北,21.92982456140351
南,14.492753623188406
南北,9.615384615384615
南北,15.384615384615385
南,48.888888888888886
南,17.857142857142858
南,25.0
南,23.958333333333332
南,14.285714285714286
南,12.941176470588236
南,16.197183098591548
南北,25.0
南北,25.974025974025974
南,11.834319526627219
南,17.96875
南北,16.666666666666668
南,17.142857142857142
南,20.022246941045605
南,30.158730158730158
南,15.151515151515152
南,18.0
南北,10.0
南,12.244897959183673
南,13.88888888888889
南,47.36842105263158
南,17.391304347826086
南北,20.3125
南,12.949640287769784
南,14.173228346456693
南北,16.666666666666668
南,15.079365079365079
南北,10.96774193548387
南,13.333333333333334
南,10.94890510948905
南,17.02127659574468
南,14.87603305785124
南,20.224719101123597
南,12.8
南,13.793103448275861
南,15.0
北,38.91050583657588
南北,12.5
南,16.666666666666668
南,12.5
南,19.17808219178082
南,14.685314685314685
南,17.5
南,15.294117647058824
南,14.285714285714286
南,17.05426356589147
南,18.333333333333332
南,15.714285714285714
南,16.049382716049383
南,36.36363636363637
南,17.647058823529413
南北,18.804061677322302
南,14.084507042253522
南北,21.428571428571427
南,22.471910112359552
南,21.359223300970875
南,15.714285714285714
南北,12.5
南北,19.166666666666668
南北,28.40909090909091
南,22.22222222222222
南北,24.778761061946902
南北,16.923076923076923
南,17.123287671232877
南,19.53125
南,11.627906976744185
南,21.359223300970875
南,26.923076923076923
南,16.666666666666668
南北,19.25925925925926
南北,21.374045801526716
南,23.404255319148938
南,17.123287671232877
南,18.181818181818183
南北,15.748031496062993
南北,16.260162601626018
南北,14.705882352941176
南,21.50537634408602
南北,15.714285714285714
南,18.333333333333332
南,52.854122621564485
南北,24.878716258241074
南,18.64406779661017
南北,23.80952380952381
南北,13.333333333333334
南北,19.68503937007874
南,15.625
南,21.53846153846154
南北,17.333333333333332
南北,20.8
东,14.482758620689655
南北,16.0
南,13.812154696132596
南北,11.560693641618498
南,13.157894736842104
南,12.121212121212121
南,31.25
南北,17.094017094017094
南,37.142857142857146
南,25.77319587628866
南,15.873015873015873
南,16.666666666666668
南,44.44444444444444
南,15.748031496062993
南北,17.532467532467532
南,24.210526315789473
南,22.105263157894736
南,29.333333333333332
南,16.949152542372882
南北,14.962220393506398
南北,16.44331168297295
南,20.833333333333332
南,19.366197183098592
南北,23.076923076923077
南,15.748031496062993
南北,18.34862385321101
南,16.52892561983471
南北,14.563106796116505
南,26.595744680851062
南,13.377926421404682
南,18.38235294117647
南,44.89795918367347
南,20.0
南,26.85185185185185
南,11.578947368421053
南,21.69811320754717
南,25.11591962905719
南北,15.384615384615385
南,20.408163265306122
南北,17.094017094017094
南北,18.51851851851852
南,14.285714285714286
南北,13.986013986013987
南,25.252525252525253
南北,18.867924528301888
南,23.529411764705884
南北,15.384615384615385
南,22.471910112359552
南,14.814814814814815
南,17.88617886178862
南,13.793103448275861
南,17.692307692307693
南北,13.986013986013987
南,21.84873949579832
南北,14.880952380952381
南北,10.0
南北,17.857142857142858
南北,15.730337078651685
南,18.181818181818183
南,24.719101123595507
南北,23.46938775510204
南,16.428571428571427
南北,14.285714285714286
南,17.16417910447761
南,17.692307692307693
南北,13.986013986013987
南,21.84873949579832
南北,14.880952380952381
南北,10.0
南北,17.857142857142858
南北,15.730337078651685
南,18.181818181818183
南,24.719101123595507
南北,23.46938775510204
南,16.428571428571427
南北,14.285714285714286
南,17.16417910447761
南,16.153846153846153
南北,20.2020202020202
南,30.0
南,15.850144092219018
南,25.0
南北,19.68503937007874
南,20.2020202020202
南,14.388489208633093
南北,18.51851851851852
南,20.192307692307693
南,16.428571428571427
南北,17.94871794871795
南,13.793103448275861
南,15.625
南,17.857142857142858
南,19.366197183098592
南北,23.076923076923077
南,15.748031496062993
南北,18.34862385321101
南,16.52892561983471
南北,14.563106796116505
南,26.595744680851062
南,13.377926421404682
南,18.38235294117647
南,44.89795918367347
南,20.0
南,26.85185185185185
南,11.578947368421053
南,21.69811320754717
南,19.84732824427481
南,17.96875
南,13.333333333333334
南北,23.0
南,23.529411764705884
南,22.727272727272727
南,32.8125
南,19.166666666666668
南,16.0
南,15.625
南,23.91304347826087
南,21.09375
南,25.0
南,19.047619047619047
南北,13.986013986013987
南,12.571428571428571
东,22.22222222222222
南,33.333333333333336
南,13.157894736842104
南,11.11111111111111
南,21.05263157894737
南,7.5
南北,16.666666666666668
南北,13.333333333333334
南北,30.0
南,13.043478260869565
南北,15.0
南,39.473684210526315
南北,27.77777777777778
南,17.391304347826086
南,40.0
南北,13.793103448275861
南,8.205128205128204
南北,16.129032258064516
南,12.89490651192779
东,16.666666666666668
南,14.388489208633093
南北,35.55555555555556
南北,14.545454545454545
南,13.986013986013987
南北,15.384615384615385
南,14.574898785425102
南,20.32085561497326
南,19.41747572815534
南,16.666666666666668
南,15.151515151515152
南,14.285714285714286
南,15.384615384615385
南,19.047619047619047
南北,16.793893129770993
南,18.115942028985508
南北,17.36111111111111
南,15.878056525881233
南,23.529411764705884
东,14.492753623188406
南北,17.647058823529413
南,29.850746268656717
南,20.0
南北,18.29268292682927
南北,25.0
南北,17.829457364341085
南北,14.965986394557824
南,16.3265306122449
南北,16.33986928104575
南北,15.714285714285714
南北,13.986013986013987
南,20.833333333333332
南,19.84732824427481
南,19.23076923076923
南,19.41747572815534
南,13.88888888888889
南,22.727272727272727
南,25.84269662921348
南北,14.473684210526315
北,23.333333333333332
南,20.408163265306122
南,19.37984496124031
南北,25.225225225225227
南,23.529411764705884
南,14.184397163120567
南,22.471910112359552
南北,18.11023622047244
南北,19.23076923076923
南北,20.8
南,14.652014652014651
南,18.4
南,23.655913978494624
南,22.54901960784314
南,25.0
南,21.58273381294964
南,13.333333333333334
南,9.523809523809524
南北,19.23076923076923
南,13.986013986013987
南,23.863636363636363
南,20.833333333333332
南,15.333333333333334
南,19.35483870967742
南北,20.90488278333582
南北,16.39344262295082
南,13.333333333333334
南,12.903225806451612
南,13.75
南,18.666666666666668
南,19.09090909090909
南,15.602836879432624
南北,15.714285714285714
南,19.166666666666668
南北,17.88617886178862
南北,14.880952380952381
南,13.793103448275861
南,17.094017094017094
南,38.46153846153846
南北,14.838709677419354
南,19.53125
南,17.857142857142858
南北,13.333333333333334
南北,18.315018315018314
南,13.481828839390387
南,22.727272727272727
南北,17.985611510791365
南,19.148936170212767
南北,13.924050632911392
南北,16.793893129770993
南北,17.77777777777778
南,19.23076923076923
南,19.41747572815534
南,13.88888888888889
南,22.727272727272727
南,25.84269662921348
南北,14.473684210526315
北,23.333333333333332
南,20.408163265306122
南,19.37984496124031
南北,25.225225225225227
南,23.529411764705884
南,14.012738853503185
南,16.52892561983471
南北,19.68503937007874
南北,17.5
南,18.65671641791045
南,17.857142857142858
南,19.35483870967742
南,12.903225806451612
南,13.481828839390387
南北,13.698630136986301
南北,20.0
南,26.08695652173913
北,18.0327868852459
南北,17.857142857142858
南,17.123287671232877
南,22.471910112359552
南北,41.067761806981515
南,18.867924528301888
南,18.181818181818183
南,14.534883720930232
南北,23.636363636363637
南,16.52892561983471
南,13.836477987421384
南,15.568862275449101
南,14.577259475218659
南,19.00826446280992
南,7.485029940119761
南,15.333333333333334
南北,16.949152542372882
南,19.469026548672566
南,25.88235294117647
南,22.42152466367713
南,23.204419889502763
南北,16.666666666666668
南,18.11023622047244
南北,24.719101123595507
南,16.546762589928058
南北,24.271844660194176
南,16.118633139909736
南北,18.181818181818183
南北,12.777777777777779
南,17.857142857142858
南北,16.27906976744186
南北,17.5
南,33.333333333333336
南,11.627906976744185
东,31.25
南北,15.721622471439053
南,24.705882352941178
南,16.15508885298869
南,12.269938650306749
东,25.0
南,14.792899408284024
南,20.72538860103627
南,14.598540145985401
南北,15.384615384615385
南,18.69918699186992
南,20.833333333333332
南,15.893197711379528
南,16.39344262295082
南北,14.285714285714286
南,19.53125
南,15.24390243902439
南,18.333333333333332
南,17.36111111111111
南,15.333333333333334
南,15.748031496062993
南,15.107913669064748
南,15.646258503401361
南,13.88888888888889
南,20.754716981132077
南北,17.647058823529413
南,16.52892561983471
南,13.836477987421384
南,15.568862275449101
南,14.577259475218659
南,19.00826446280992
南,7.485029940119761
南,15.333333333333334
南北,16.949152542372882
南,26.08695652173913
南,19.469026548672566
南,25.88235294117647
南,22.42152466367713
南,23.204419889502763
南北,16.666666666666668
南,18.11023622047244
南北,24.719101123595507
南,16.546762589928058
南北,24.271844660194176
南,16.118633139909736
南北,18.181818181818183
南北,12.777777777777779
南,17.857142857142858
南北,16.27906976744186
南,15.151515151515152
南北,20.833333333333332
南,16.666666666666668
北,18.0327868852459
南,17.391304347826086
南,21.8978102189781
南北,11.11111111111111
南,14.814814814814815
南,22.0
南,26.881720430107528
南,17.829457364341085
南北,16.428571428571427
南北,16.848631891090445
南北,24.056603773584907
南,20.32520325203252
南,15.037593984962406
北,16.666666666666668
南,22.916666666666668
南,17.699115044247787
南,21.73913043478261
南北,24.444444444444443
南北,15.789473684210526
南北,16.666666666666668
南,16.129032258064516
南,20.66115702479339
南,20.0
南,36.507936507936506
南,27.848101265822784
南,20.0
南,18.69918699186992
南北,17.692307692307693
南北,19.166666666666668
南,23.529411764705884
南,23.510971786833856
南,15.92039800995025
南,76.08695652173913
南北,15.384615384615385
南,19.0
南北,14.285714285714286
南,17.39937362254959
南北,15.957446808510639
北,23.357664233576642
南北,19.41747572815534
南,19.35483870967742
南,66.10009442870633
南,65.66604127579738
南,54.9364307016167
南,66.66666666666667
南,65.66604127579738
南,49.52596575633225
南北,20.0
南,26.08695652173913
南,14.583333333333334
南,66.66666666666667
南,66.4641093809343
南,65.66604127579738
南,66.10009442870633
南,49.52596575633225
南,55.406047174291594
南,66.66666666666667
南,21.73913043478261
南,34.09090909090909
南,3500.0
南,17.699115044247787
南,19.858156028368793
南,16.666666666666668
南,15.333333333333334
南北,16.949152542372882
南,19.469026548672566
南,25.88235294117647
南,22.42152466367713
南,23.204419889502763
南北,16.666666666666668
南,18.11023622047244
南北,24.719101123595507
南,16.546762589928058
南北,24.271844660194176
南,16.118633139909736
南北,18.181818181818183
南北,12.777777777777779
南,17.857142857142858
南北,16.27906976744186
南,15.151515151515152
南北,20.833333333333332
南,16.666666666666668
南,17.391304347826086
南,25.555555555555557
南,20.76923076923077
南,29.475338966398112
南北,19.23076923076923
南,24.444444444444443
南,16.40625
南,14.563106796116505
南北,20.689655172413794
南,27.559055118110237
南,23.510971786833856
南,15.92039800995025
南,76.08695652173913
南北,15.384615384615385
南,19.0
南北,14.285714285714286
南,30.0
南,20.97902097902098
南,14.090909090909092
南,25.58139534883721
南,27.972027972027973
南,18.32460732984293
南,30.434782608695652
南,18.71345029239766
南,29.475338966398112
南北,19.23076923076923
南,21.58273381294964
南北,24.64788732394366
南,21.8978102189781
南,26.881720430107528
南,25.0
南,17.647058823529413
南,22.377622377622377
南,17.39937362254959
南,12.301587301587302
南北,17.72630583786339
南,16.666666666666668
南,17.24137931034483
南,18.867924528301888
南,18.181818181818183
南,14.534883720930232
南北,20.0
南北,23.636363636363637
南,16.52892561983471
南,13.836477987421384
南,15.568862275449101
南,14.577259475218659
南,19.00826446280992
南,7.485029940119761
南北,18.11023622047244
南北,19.23076923076923
南北,20.8
南,14.652014652014651
南,18.4
南,23.655913978494624
南,22.54901960784314
南,25.0
南,21.58273381294964
南,13.333333333333334
南,9.523809523809524
南北,19.23076923076923
南,13.986013986013987
南,23.863636363636363
南,18.88111888111888
南,15.267175572519085
南,19.469026548672566
南,15.625
南北,16.24325904749529
南北,14.534883720930232
南,16.666666666666668
南,21.09375
南,16.129032258064516
南北,21.296296296296298
南,16.666666666666668
南北,11.695906432748538
南北,18.333333333333332
南,12.29050279329609
南,22.04724409448819
南,22.727272727272727
南,13.986013986013987
南,18.46153846153846
南,17.1875
南北,13.017751479289942
南北,23.232323232323232
南,14.285714285714286
南北,16.793893129770993
南,13.88888888888889
南北,17.058823529411764
南北,16.129032258064516
南,21.69811320754717
南,19.23076923076923
南北,16.923076923076923
南,17.441860465116278
南北,20.408163265306122
南,21.428571428571427
南北,16.585365853658537
南北,13.461538461538462
南北,18.285714285714285
南北,15.721622471439053
南,22.337098729976386
南北,17.647058823529413
北,23.121387283236995
南北,18.857142857142858
南北,17.767399360373624
南,24.64788732394366
南北,22.900763358778626
南北,17.67676767676768
南北,18.29268292682927
南,13.970588235294118
南,16.129032258064516
南,13.924050632911392
南,22.727272727272727
南,16.29955947136564
南,17.441860465116278
南,31.496062992125985
南,20.408163265306122
南,24.305555555555557
南,20.833333333333332
南北,23.076923076923077
南北,14.563106796116505
南,19.444444444444443
南,21.73913043478261
南,20.32520325203252
南,15.037593984962406
北,16.666666666666668
南,22.916666666666668
南,17.699115044247787
南,21.73913043478261
南北,24.444444444444443
南北,15.789473684210526
南北,16.666666666666668
南,16.129032258064516
南,20.66115702479339
南,20.0
南,36.507936507936506
南,27.848101265822784
南,20.0
南,18.69918699186992
南北,17.692307692307693
南北,19.166666666666668
南,23.529411764705884
南,17.1875
南,18.64406779661017
南,19.53125
南,17.482517482517483
南,18.58407079646018
南,12.172284644194757
南北,23.333333333333332
南,15.873015873015873
南,40.32258064516129
南北,14.962220393506398
西,42.05128205128205
南北,26.071428571428573
南,30.150753768844222
南,33.333333333333336
南,13.80952380952381
南,30.90909090909091
南北,21.818181818181817
南,14.285714285714286
南北,38.46153846153846
南北,19.672131147540984
东,42.0
南,30.0
南北,23.80952380952381
南,28.571428571428573
南,24.90118577075099
南,19.924812030075188
南,27.77777777777778
南,26.923076923076923
南,38.78787878787879
南,23.04147465437788
北,31.25
南,33.333333333333336
南,60.33057851239669
南北,31.57894736842105
北,34.78260869565217
南,65.359477124183
南,19.924812030075188
南,39.92994746059545
南北,22.727272727272727
南北,8.695652173913043
南,12.068965517241379
南,13.28125
南,22.727272727272727
南北,21.691973969631235
北,19.23076923076923
北,17.307692307692307
南北,16.27906976744186
南,11.818181818181818
南,20.0
南,19.23076923076923
南北,21.21212121212121
南北,7.194244604316546
南,17.142857142857142
南北,10.743801652892563
南,9.913258983890954
南,23.076923076923077
北,15.384615384615385
北,19.047619047619047
南,19.23076923076923
南,20.0
南北,20.58823529411765
南北,7.576331540268201
南,14.018691588785046
北,17.77777777777778
南北,6.870229007633588
南,10.526315789473685
南,9.62962962962963
南,16.0
南北,17.142857142857142
南,7.462686567164179
南,8.303677342823251
南北,10.56338028169014
南,10.0
南北,9.285714285714286
南,13.333333333333334
南北,12.5
东,16.923076923076923
北,7.5
南北,22.727272727272727
南北,8.695652173913043
南,12.068965517241379
南,13.28125
南,22.727272727272727
南北,21.691973969631235
北,19.23076923076923
北,17.307692307692307
南北,16.27906976744186
南,11.818181818181818
南,20.0
南,19.23076923076923
南北,21.21212121212121
南北,7.194244604316546
南,17.142857142857142
北,17.307692307692307
东,11.764705882352942
南,20.0
东,18.610421836228287
南,13.333333333333334
南,22.22222222222222
南,11.11111111111111
南北,11.11111111111111
南,17.142857142857142
南北,9.01639344262295
南,17.49271137026239
南,9.0
南,8.695652173913043
南北,8.333333333333334
北,22.22222222222222
南,10.483870967741936
南北,13.75
南,15.466195315952277
南北,11.504424778761061
东,16.666666666666668
南北,14.018691588785046
北,10.526315789473685
南,6.25
南,18.88888888888889
北,14.423076923076923
南,12.99151221202148
南,7.086614173228346
南,20.0
南北,20.408163265306122
北,22.5
南,15.466195315952277
南北,11.504424778761061
东,16.666666666666668
南北,14.018691588785046
北,10.526315789473685
南,6.25
南,18.88888888888889
北,14.423076923076923
南,12.99151221202148
南,7.086614173228346
南,20.0
南北,20.408163265306122
北,22.5
北,17.77777777777778
南北,7.936507936507937
南,10.666666666666666
南北,9.686793671294803
南,21.153846153846153
北,17.333333333333332
南北,12.5
南,20.0
南,11.904761904761905
南北,17.1875
东,18.31921227387222
南北,6.666666666666667
南北,9.558823529411764
南,14.150943396226415
南北,6.666666666666667
南,15.555555555555555
南,18.571428571428573
北,21.42996298460939
南北,15.384615384615385
北,19.607843137254903
东,11.11111111111111
南,11.11111111111111
北,22.22222222222222
南,16.513761467889907
南,14.583333333333334
北,27.419354838709676
西,23.263027295285358
南,18.181818181818183
东,19.047619047619047
南,21.568627450980394
南北,8.984725965858042
南,10.416666666666666
南,17.307692307692307
南北,10.377358490566039
南北,13.986013986013987
北,21.46760343481655
南,19.148936170212767
北,21.428571428571427
南北,18.58139534883721
南,15.09433962264151
南,9.836065573770492
东,8.0
南北,21.21212121212121
南,17.333333333333332
南,12.820512820512821
南,15.634160641000586
南北,17.647058823529413
南,18.796992481203006
南,15.873015873015873
南,22.448979591836736
南,16.793893129770993
南,16.666666666666668
南,16.949152542372882
南北,14.666666666666666
南,23.0
南,18.16793893129771
南,28.571428571428573
南北,20.90909090909091
南,18.83884226751156
南北,19.858156028368793
南,28.94736842105263
南,13.513513513513514
南,19.047619047619047
南,15.625
南,20.895522388059703
南,18.65671641791045
南,17.857142857142858
南北,16.40625
南北,18.253968253968253
南北,22.900763358778626
南北,16.428571428571427
南,19.41747572815534
南,16.666666666666668
南,15.151515151515152
北,17.307692307692307
南北,16.27906976744186
南,11.818181818181818
南,20.0
南,19.23076923076923
南北,21.21212121212121
南,17.142857142857142
南北,10.743801652892563
南,9.913258983890954
南,23.076923076923077
北,15.384615384615385
北,19.047619047619047
南,19.23076923076923
南北,7.576331540268201
北,17.77777777777778
南北,6.870229007633588
南,10.526315789473685
南,9.62962962962963
南北,21.21212121212121
东,16.666666666666668
南,18.181818181818183
南,12.5
东,12.5
北,13.66742596810934
南,24.444444444444443
南北,10.0
南,20.0
南北,21.875
南,18.6046511627907
东,24.242424242424242
西,19.047619047619047
南,10.666666666666666
南北,13.333333333333334
南北,10.833333333333334
南北,21.21212121212121
西,22.0
南北,7.857142857142857
南北,10.95890410958904
北,21.666666666666668
东,23.25581395348837
北,20.0
南北,15.384615384615385
东,22.22222222222222
南,20.0
东,24.242424242424242
南北,7.60225026607876
南,19.047619047619047
南,8.571428571428571
南,11.666666666666666
南,20.408163265306122
南,20.512820512820515
南北,7.575757575757576
南,5.839416058394161
南,10.95890410958904
南,12.5
南,9.166666666666666
南,31.57894736842105
南北,10.833333333333334
南,26.666666666666668
南,13.793103448275861
南,10.833333333333334
东,8.849557522123893
南,19.23076923076923
南,26.41509433962264
南,40.0
南,12.513556352715442
南北,24.489795918367346
南,9.375
南,15.789473684210526
南,14.210526315789474
北,30.232558139534884
南,16.163793103448278
南,21.311475409836067
南北,26.0
南,27.77777777777778
南,7.8125
南北,11.504424778761061
南北,8.49673202614379
南,25.687130747495505
南,31.57894736842105
南,26.0
北,12.64367816091954
东,22.641509433962263
南北,13.333333333333334
南北,7.4766355140186915
南,7.5
南,12.0
南,10.526315789473685
南,14.285714285714286
南北,11.11111111111111
南,13.333333333333334
南,10.0
南北,11.11111111111111
南,7.407407407407407
南北,5.594405594405594
南,15.625
南,10.0
南,9.558823529411764
南,13.333333333333334
南,7.0
南,8.49056603773585
南,15.0
南,18.51851851851852
南北,19.767441860465116
南北,6.299212598425197
南,7.5
南,10.149253731343284
南,6.25
南,23.25581395348837
南,31.25
南,11.764705882352942
南,8.75
南,19.23076923076923
南,8.88888888888889
南,17.152658662092627
南,5.172413793103448
南,6.923076923076923
南,8.88888888888889
南,8.88888888888889
南,27.027027027027028
南,20.0
南,25.59508574353724
南,20.0
南北,4.938271604938271
南,6.956521739130435
南北,7.2
南,9.333333333333334
南,11.11111111111111
南,10.204081632653061
南,13.698630136986301
南北,6.086956521739131
南,13.157894736842104
南,12.857142857142858
南,9.090909090909092
南北,9.0
南北,12.5
南,7.627118644067797
南,11.11111111111111
南,9.803921568627452
南,13.333333333333334
南,11.666666666666666
南,13.333333333333334
南,11.428571428571429
南,15.037593984962406
南,17.857142857142858
南,23.958333333333332
南,15.24390243902439
南,14.56953642384106
南北,16.541353383458645
南,17.293233082706767
南北,14.598540145985401
南,14.0
南,15.748031496062993
南,15.333333333333334
南,19.35483870967742
南北,20.90488278333582
南北,16.39344262295082
南,13.333333333333334
南,12.903225806451612
南,13.75
南,18.666666666666668
南,19.09090909090909
南,15.602836879432624
南北,15.714285714285714
南,19.166666666666668
南北,17.88617886178862
南北,14.880952380952381
南,13.793103448275861
南,17.094017094017094
南,38.46153846153846
南北,14.838709677419354
东,40.0
南,11.881188118811881
南,10.344827586206897
南,27.906976744186046
南北,11.764705882352942
南北,9.16030534351145
南,11.278195488721805
南,23.636363636363637
南,29.41176470588235
南,22.82608695652174
南,16.666666666666668
南,25.49019607843137
南,14.285714285714286
南北,14.444444444444445
南,9.734513274336283
南,15.0
南,35.0
南北,10.0
南,16.438356164383563
东,25.0
南,8.167932696234583
南,32.01970443349754
南,26.595744680851062
南,30.0
南,16.666666666666668
南,33.333333333333336
南,19.318181818181817
南,15.789473684210526
南,11.188811188811188
南,14.285714285714286
南,12.5
南,13.88888888888889
南,20.625
南北,12.5
南,9.67741935483871
南北,16.129032258064516
南北,17.0
南,10.344827586206897
南,13.392857142857142
南,12.142857142857142
南北,13.008130081300813
南北,32.0
南,22.5
南,11.11111111111111
南,12.5
南,19.23076923076923
南,31.982942430703627
南,20.0
南,17.92452830188679
南,17.217391304347824
南北,16.5
南,13.636363636363637
南,36.58536585365854
南北,15.714285714285714
南,19.166666666666668
南北,17.88617886178862
南北,14.880952380952381
南,13.793103448275861
南,17.094017094017094
南,38.46153846153846
南北,14.838709677419354
南,19.53125
南,17.857142857142858
南北,13.333333333333334
南北,18.315018315018314
南,22.727272727272727
南北,17.985611510791365
南,19.148936170212767
南北,13.924050632911392
南北,16.793893129770993
南,17.675651789659742
南,13.698630136986301
南,16.428571428571427
南,15.625
南北,22.04724409448819
南北,16.666666666666668
南北,17.391304347826086
南,21.21212121212121
南,16.470588235294116
南,17.24137931034483
南北,20.28985507246377
南北,15.658362989323843
南,16.0
南,20.634920634920636
南北,19.17808219178082
南,38.333333333333336
北,15.300546448087431
南北,23.0
南北,17.6056338028169
南北,23.157894736842106
南,24.444444444444443
南,47.27272727272727
南,30.76923076923077
南,18.88111888111888
南,15.267175572519085
南,19.469026548672566
南,15.625
南北,16.24325904749529
南北,14.534883720930232
南,16.666666666666668
南,21.09375
南,16.129032258064516
南北,21.296296296296298
南,16.666666666666668
南北,11.695906432748538
南北,18.333333333333332
南,12.29050279329609
南,22.04724409448819
南,22.727272727272727
南,13.986013986013987
北,22.5
北,17.77777777777778
南北,7.936507936507937
南,10.666666666666666
南北,9.686793671294803
南,21.153846153846153
北,17.333333333333332
南北,12.5
南,20.0
南,11.904761904761905
南北,17.1875
东,18.31921227387222
南北,6.666666666666667
南北,9.558823529411764
南,14.150943396226415
南北,6.666666666666667
南,15.555555555555555
南北,9.375
南,9.857072449482503
南北,21.21212121212121
南,11.538461538461538
南,21.05263157894737
南,20.94240837696335
南北,36.36363636363637
南北,10.0
南北,10.344827586206897
南北,6.578947368421052
南北,20.74074074074074
南,19.11111111111111
